row,id,time,position_x,position_z,looking_at
1,user43,12-41-27-47,0,0,none
2,user43,12-41-27-97,0.006,0.003,none
3,user43,12-41-28-48,0.006,0.003,none
4,user43,12-41-28-98,0.006,0.003,none
5,user43,12-41-29-49,0.006,0.003,none
6,user43,12-41-29-99,0.006,0.003,none
7,user43,12-41-30-49,0.006,0.003,none
8,user43,12-41-30-99,0.006,0.003,none
9,user43,12-41-31-50,0.006,0.003,none
10,user43,12-41-32-00,0.006,0.003,none
11,user43,12-41-32-50,0.006,0.003,none
12,user43,12-41-33-66,0.006,0.003,none
13,user43,12-41-34-16,0.006,0.003,none
14,user43,12-41-34-67,0.006,0.003,none
15,user43,12-41-35-17,0.006,0.003,none
16,user43,12-41-35-67,0.006,0.003,none
17,user43,12-41-36-17,0.006,0.003,none
18,user43,12-41-36-68,0.006,0.003,none
19,user43,12-41-37-18,0.006,0.003,none
20,user43,12-41-37-68,0.006,0.003,none
21,user43,12-41-38-18,0.006,0.003,none
22,user43,12-41-38-68,0.006,0.003,none
23,user43,12-41-39-19,0.006,0.003,none
24,user43,12-41-39-69,0.006,0.003,none
25,user43,12-41-40-19,0.006,0.003,none
26,user43,12-41-40-70,0.006,0.003,none
27,user43,12-41-41-20,0.006,0.003,none
28,user43,12-41-41-70,0.006,0.003,none
29,user43,12-41-42-21,0.006,0.003,none
30,user43,12-41-42-71,0.006,0.003,none
31,user43,12-41-43-22,0.006,0.003,none
32,user43,12-41-43-72,0.006,0.003,none
33,user43,12-41-44-23,0.006,0.003,none
34,user43,12-41-44-74,0.006,0.003,none
35,user43,12-41-45-24,0.006,0.003,none
36,user43,12-41-45-74,0.006,0.003,none
37,user43,12-41-46-25,0.006,0.003,none
38,user43,12-41-46-75,0.006,0.003,none
39,user43,12-41-47-25,0.006,0.003,none
40,user43,12-41-47-76,0.006,0.003,none
41,user43,12-41-48-26,0.006,0.003,none
42,user43,12-41-48-77,0.006,0.003,none
43,user43,12-41-49-27,0.006,0.003,none
44,user43,12-41-49-77,0.006,0.003,none
45,user43,12-41-50-28,0.006,0.003,none
46,user43,12-41-50-79,0.006,0.003,none
47,user43,12-41-51-29,0.006,0.003,none
48,user43,12-41-51-80,0.006,0.003,none
49,user43,12-41-52-30,0.006,0.003,none
50,user43,12-41-52-81,0.006,0.003,none
51,user43,12-41-53-31,0.006,0.003,none
52,user43,12-41-53-81,0.006,0.003,none
53,user43,12-41-54-32,0.006,0.003,none
54,user43,12-41-54-82,0.006,0.003,none
55,user43,12-41-55-32,0.006,0.003,none
56,user43,12-41-55-83,0.006,0.003,none
57,user43,12-41-56-33,0.006,0.003,none
58,user43,12-41-56-83,0.006,0.003,none
59,user43,12-41-57-34,0.006,0.003,none
60,user43,12-41-57-85,0.006,0.003,none
61,user43,12-41-58-35,0.006,0.003,none
62,user43,12-41-58-86,0.006,0.003,none
63,user43,12-41-59-37,0.006,0.003,none
64,user43,12-41-59-87,0.006,0.003,none
65,user43,12-42-00-37,0.006,0.003,none
66,user43,12-42-00-88,0.006,0.003,none
67,user43,12-42-01-39,0.006,0.003,none
68,user43,12-42-01-89,0.006,0.003,none
69,user43,12-42-02-39,0.006,0.003,none
70,user43,12-42-02-90,0.006,0.003,none
71,user43,12-42-03-40,0.006,0.003,none
72,user43,12-42-03-90,0.006,0.003,none
73,user43,12-42-04-41,0.006,0.003,none
74,user43,12-42-04-91,0.006,0.003,none
75,user43,12-42-05-41,0.006,0.003,none
76,user43,12-42-05-91,0.006,0.003,none
77,user43,12-42-06-42,0.006,0.003,none
78,user43,12-42-06-92,0.006,0.003,none
79,user43,12-42-07-43,0.006,0.003,none
80,user43,12-42-07-93,0.006,0.003,none
81,user43,12-42-08-44,0.006,0.003,none
82,user43,12-42-08-94,0.006,0.003,none
83,user43,12-42-09-45,0.006,0.003,none
84,user43,12-42-09-95,0.132,-0.356,none
85,user43,12-42-10-45,0.452,-1.057,none
86,user43,12-42-10-96,1.426,-1.47,none
87,user43,12-42-11-46,1.039,-2.016,none
88,user43,12-42-11-96,-0.174,-2.675,none
89,user43,12-42-12-46,-1.614,-2.953,none
90,user43,12-42-12-97,-2.877,-3.061,none
91,user43,12-42-13-47,-3.731,-3.785,PA-0089
92,user43,12-42-13-97,-3.662,-2.498,none
93,user43,12-42-14-48,-3.511,-2.032,none
94,user43,12-42-14-98,-4.331,-1.941,none
95,user43,12-42-15-49,-4.345,-2.05,none
96,user43,12-42-15-99,-4.891,-3.448,none
97,user43,12-42-16-50,-5.068,-3.851,none
98,user43,12-42-17-00,-4.472,-2.922,none
99,user43,12-42-17-51,-4.153,-2.85,none
100,user43,12-42-18-01,-4.632,-2.607,none
101,user43,12-42-18-51,-4.632,-2.607,none
102,user43,12-42-19-01,-4.632,-2.607,none
103,user43,12-42-19-52,-4.632,-2.607,none
104,user43,12-42-20-02,-4.665,-2.666,none
105,user43,12-42-20-52,-5.048,-3.364,none
106,user43,12-42-21-02,-5.048,-3.364,none
107,user43,12-42-21-53,-4.862,-1.999,none
108,user43,12-42-22-03,-4.407,-2.149,none
109,user43,12-42-22-54,-4.407,-2.149,none
110,user43,12-42-23-04,-4.407,-2.149,none
111,user43,12-42-23-55,-4.407,-2.149,none
112,user43,12-42-24-05,-4.407,-2.149,none
113,user43,12-42-24-55,-4.407,-2.149,none
114,user43,12-42-25-05,-4.407,-2.149,none
115,user43,12-42-25-56,-4.407,-2.149,none
116,user43,12-42-26-06,-4.407,-2.149,none
117,user43,12-42-26-57,-4.407,-2.149,none
118,user43,12-42-27-07,-4.407,-2.149,none
119,user43,12-42-27-57,-4.407,-2.149,none
120,user43,12-42-28-08,-4.407,-2.149,none
121,user43,12-42-28-58,-4.407,-2.149,none
122,user43,12-42-29-08,-4.407,-2.149,none
123,user43,12-42-29-58,-4.407,-2.149,none
124,user43,12-42-30-09,-4.407,-2.149,none
125,user43,12-42-30-60,-4.407,-2.149,none
126,user43,12-42-31-10,-4.407,-2.149,none
127,user43,12-42-31-60,-4.407,-2.149,none
128,user43,12-42-32-10,-4.407,-2.149,none
129,user43,12-42-32-60,-4.407,-2.149,none
130,user43,12-42-33-11,-4.407,-2.149,none
131,user43,12-42-33-62,-4.407,-2.149,none
132,user43,12-42-34-12,-4.407,-2.149,none
133,user43,12-42-34-63,-4.407,-2.149,none
134,user43,12-42-35-13,-4.407,-2.149,none
135,user43,12-42-35-64,-4.407,-2.149,none
136,user43,12-42-36-14,-4.407,-2.149,none
137,user43,12-42-36-64,-4.407,-2.149,none
138,user43,12-42-37-14,-4.407,-2.149,none
139,user43,12-42-37-65,-4.407,-2.149,none
140,user43,12-42-38-15,-4.407,-2.149,none
141,user43,12-42-38-65,-4.407,-2.149,none
142,user43,12-42-39-16,-4.407,-2.149,none
143,user43,12-42-39-66,-4.407,-2.149,none
144,user43,12-42-40-16,-4.407,-2.149,none
145,user43,12-42-40-66,-4.407,-2.149,none
146,user43,12-42-41-17,-4.407,-2.149,none
147,user43,12-42-41-67,-4.407,-2.149,none
148,user43,12-42-42-17,-4.407,-2.149,none
149,user43,12-42-42-68,-4.407,-2.149,none
150,user43,12-42-43-18,-4.407,-2.149,none
151,user43,12-42-43-68,-4.407,-2.149,none
152,user43,12-42-44-18,-4.407,-2.149,none
153,user43,12-42-44-68,-4.407,-2.149,none
154,user43,12-42-45-18,-4.407,-2.149,none
155,user43,12-42-45-69,-4.407,-2.149,none
156,user43,12-42-46-19,-4.407,-2.149,none
157,user43,12-42-46-70,-4.407,-2.149,none
158,user43,12-42-47-20,-4.407,-2.149,none
159,user43,12-42-47-70,-4.407,-2.149,none
160,user43,12-42-48-20,-4.407,-2.149,none
161,user43,12-42-48-71,-4.407,-2.149,none
162,user43,12-42-49-22,-4.407,-2.149,none
163,user43,12-42-49-72,-4.407,-2.149,none
164,user43,12-42-50-23,-4.407,-2.149,none
165,user43,12-42-50-73,-4.407,-2.149,none
166,user43,12-42-51-23,-4.407,-2.149,none
167,user43,12-42-51-74,-4.407,-2.149,none
168,user43,12-42-52-24,-4.407,-2.149,none
169,user43,12-42-52-75,-4.407,-2.149,none
170,user43,12-42-53-25,-4.407,-2.149,none
171,user43,12-42-53-75,-4.407,-2.149,none
172,user43,12-42-54-26,-4.407,-2.149,none
173,user43,12-42-54-76,-4.407,-2.149,none
174,user43,12-42-55-26,-4.407,-2.149,none
175,user43,12-42-55-77,-4.407,-2.149,none
176,user43,12-42-56-27,-4.407,-2.149,none
177,user43,12-42-56-77,-4.407,-2.149,none
178,user43,12-42-57-28,-4.407,-2.149,none
179,user43,12-42-57-79,-4.407,-2.149,none
180,user43,12-42-58-29,-4.407,-2.149,none
181,user43,12-42-58-79,-4.407,-2.149,none
182,user43,12-42-59-31,-4.407,-2.149,none
183,user43,12-42-59-81,-4.407,-2.149,none
184,user43,12-43-00-32,-4.407,-2.149,none
185,user43,12-43-00-82,-4.407,-2.149,none
186,user43,12-43-01-32,-4.407,-2.149,none
187,user43,12-43-01-82,-4.407,-2.149,none
188,user43,12-43-02-33,-4.407,-2.149,none
189,user43,12-43-02-83,-4.407,-2.149,none
190,user43,12-43-03-33,-4.407,-2.149,none
191,user43,12-43-03-84,-4.407,-2.149,none
192,user43,12-43-04-34,-4.407,-2.149,none
193,user43,12-43-04-84,-4.407,-2.149,none
194,user43,12-43-05-35,-4.407,-2.149,none
195,user43,12-43-05-85,-4.407,-2.149,none
196,user43,12-43-06-35,-4.407,-2.149,none
197,user43,12-43-06-86,-4.407,-2.149,none
198,user43,12-43-07-36,-4.407,-2.149,none
199,user43,12-43-07-87,-4.407,-2.149,none
200,user43,12-43-08-37,-4.407,-2.149,none
201,user43,12-43-08-88,-4.407,-2.149,none
202,user43,12-43-09-38,-4.407,-2.149,none
203,user43,12-43-09-88,-4.407,-2.149,none
204,user43,12-43-10-38,-4.407,-2.149,none
205,user43,12-43-10-89,-4.407,-2.149,none
206,user43,12-43-11-39,-4.407,-2.149,none
207,user43,12-43-11-89,-4.407,-2.149,none
208,user43,12-43-12-40,-4.407,-2.149,none
209,user43,12-43-12-90,-4.407,-2.149,none
210,user43,12-43-13-41,-4.407,-2.149,none
211,user43,12-43-13-91,-4.407,-2.149,none
212,user43,12-43-14-41,-4.407,-2.149,none
213,user43,12-43-14-91,-4.407,-2.149,none
214,user43,12-43-15-42,-4.407,-2.149,none
215,user43,12-43-15-93,-4.407,-2.149,none
216,user43,12-43-16-43,-4.407,-2.149,none
217,user43,12-43-16-94,-4.407,-2.149,none
218,user43,12-43-17-44,-4.407,-2.149,none
219,user43,12-43-17-95,-4.407,-2.149,none
220,user43,12-43-18-45,-4.407,-2.149,none
221,user43,12-43-18-96,-4.407,-2.149,none
222,user43,12-43-19-46,-4.407,-2.149,none
223,user43,12-43-19-97,-4.407,-2.149,none
224,user43,12-43-20-48,-4.407,-2.149,none
225,user43,12-43-20-98,-4.407,-2.149,none
226,user43,12-43-21-49,-4.407,-2.149,none
227,user43,12-43-21-99,-4.407,-2.149,none
228,user43,12-43-22-50,-4.407,-2.149,none
229,user43,12-43-23-00,-4.407,-2.149,none
230,user43,12-43-23-51,-4.407,-2.149,none
231,user43,12-43-24-02,-4.407,-2.149,none
232,user43,12-43-24-52,-4.407,-2.149,none
233,user43,12-43-25-02,-4.407,-2.149,none
234,user43,12-43-25-53,-4.407,-2.149,none
235,user43,12-43-26-03,-4.407,-2.149,none
236,user43,12-43-26-53,-4.407,-2.149,none
237,user43,12-43-27-04,-4.407,-2.149,none
238,user43,12-43-27-54,-4.407,-2.149,none
239,user43,12-43-28-05,-4.407,-2.149,none
240,user43,12-43-28-55,-4.407,-2.149,none
241,user43,12-43-29-05,-4.407,-2.149,none
242,user43,12-43-29-56,-4.407,-2.149,none
243,user43,12-43-30-06,-4.407,-2.149,none
244,user43,12-43-30-57,-4.407,-2.149,none
245,user43,12-43-31-08,-4.407,-2.149,none
246,user43,12-43-31-58,-4.407,-2.149,none
247,user43,12-43-32-08,-4.407,-2.149,none
248,user43,12-43-32-59,-4.407,-2.149,none
249,user43,12-43-33-08,-4.407,-2.149,none
250,user43,12-43-33-59,-4.407,-2.149,none
251,user43,12-43-34-09,-4.407,-2.149,none
252,user43,12-43-34-60,-4.407,-2.149,none
253,user43,12-43-35-10,-4.407,-2.149,none
254,user43,12-43-35-60,-4.407,-2.149,none
255,user43,12-43-36-10,-4.407,-2.149,none
256,user43,12-43-36-61,-4.407,-2.149,none
257,user43,12-43-37-11,-4.407,-2.149,none
258,user43,12-43-37-61,-4.407,-2.149,none
259,user43,12-43-38-12,-4.407,-2.149,none
260,user43,12-43-38-62,-4.407,-2.149,none
261,user43,12-43-39-12,-5.124,-2.316,none
262,user43,12-43-39-63,-5.678,-2.443,none
263,user43,12-43-40-13,-6.475,-2.607,none
264,user43,12-43-40-64,-6.475,-2.607,none
265,user43,12-43-41-15,-6.475,-2.607,none
266,user43,12-43-41-65,-6.475,-2.607,none
267,user43,12-43-42-16,-7.282,-2.471,none
268,user43,12-43-42-66,-7.331,-2.469,none
269,user43,12-43-43-16,-6.968,-2.488,none
270,user43,12-43-43-67,-5.527,-2.564,none
271,user43,12-43-44-18,-5.527,-2.564,none
272,user43,12-43-44-68,-5.527,-2.564,none
273,user43,12-43-45-18,-5.527,-2.564,none
274,user43,12-43-45-69,-5.527,-2.564,none
275,user43,12-43-46-20,-5.527,-2.564,none
276,user43,12-43-46-70,-5.527,-2.564,none
277,user43,12-43-48-68,-5.527,-2.564,none
278,user43,12-43-49-18,-5.527,-2.564,none
279,user43,12-43-49-68,-5.527,-2.564,none
280,user43,12-43-50-19,-5.527,-2.564,none
281,user43,12-43-50-69,-5.527,-2.564,none
282,user43,12-43-51-20,-5.527,-2.564,none
283,user43,12-43-51-70,-5.527,-2.564,none
284,user43,12-43-52-20,-5.527,-2.564,none
285,user43,12-43-52-71,-5.527,-2.564,none
286,user43,12-43-53-21,-5.527,-2.564,none
287,user43,12-43-53-72,-5.527,-2.564,none
288,user43,12-43-54-22,-5.527,-2.564,none
289,user43,12-43-54-72,-5.527,-2.564,none
290,user43,12-43-55-23,-5.527,-2.564,none
291,user43,12-43-55-73,-5.527,-2.564,none
292,user43,12-43-56-24,-5.527,-2.564,none
293,user43,12-43-56-74,-5.527,-2.564,none
294,user43,12-43-57-25,-5.527,-2.564,none
295,user43,12-43-57-76,-5.527,-2.564,none
296,user43,12-43-58-26,-5.527,-2.564,none
297,user43,12-43-58-76,-5.527,-2.564,none
298,user43,12-43-59-26,-5.527,-2.564,none
299,user43,12-43-59-76,-5.527,-2.564,none
300,user43,12-44-00-27,-5.527,-2.564,none
301,user43,12-44-00-77,-5.527,-2.564,none
302,user43,12-44-01-28,-5.527,-2.564,none
303,user43,12-44-01-78,-5.527,-2.564,none
304,user43,12-44-02-28,-5.527,-2.564,none
305,user43,12-44-02-79,-5.527,-2.564,none
306,user43,12-44-03-30,-5.527,-2.564,none
307,user43,12-44-03-80,-5.527,-2.564,none
308,user43,12-44-04-30,-5.527,-2.564,none
309,user43,12-44-04-80,-5.527,-2.564,none
310,user43,12-44-05-31,-5.527,-2.564,none
311,user43,12-44-05-82,-5.527,-2.564,none
312,user43,12-44-06-32,-5.527,-2.564,none
313,user43,12-44-06-82,-5.527,-2.564,none
314,user43,12-44-07-33,-5.527,-2.564,none
315,user43,12-44-07-83,-5.527,-2.564,none
316,user43,12-44-08-34,-5.527,-2.564,none
317,user43,12-44-08-85,-5.527,-2.564,none
318,user43,12-44-09-35,-5.527,-2.564,none
319,user43,12-44-09-85,-5.527,-2.564,none
320,user43,12-44-10-35,-5.527,-2.564,none
321,user43,12-44-10-86,-5.527,-2.564,none
322,user43,12-44-11-36,-5.527,-2.564,none
323,user43,12-44-11-87,-5.527,-2.564,none
324,user43,12-44-12-37,-5.545,-3.468,none
325,user43,12-44-12-88,-5.522,-4.847,PA-0090
326,user43,12-44-13-38,-5.49,-5.048,none
327,user43,12-44-13-88,-4.683,-6.3,none
328,user43,12-44-14-38,-3.987,-7.523,none
329,user43,12-44-14-89,-3.016,-8.655,none
330,user43,12-44-15-39,-2.761,-10.012,none
331,user43,12-44-15-89,-2.712,-11.431,PA-0056
332,user43,12-44-16-39,-2.771,-12.903,PA-0019
333,user43,12-44-16-90,-3.55,-14.145,none
334,user43,12-44-17-40,-4.983,-14.577,PA-0090
335,user43,12-44-17-90,-5.745,-15.532,PA-0090
336,user43,12-44-18-41,-5.759,-16.242,PA-0090
337,user43,12-44-18-91,-5.055,-16.328,none
338,user43,12-44-19-42,-3.553,-16.512,none
339,user43,12-44-19-92,-2.633,-16.625,none
340,user43,12-44-20-42,-2.676,-15.308,none
341,user43,12-44-20-93,-2.949,-13.938,none
342,user43,12-44-21-43,-2.551,-12.557,none
343,user43,12-44-21-93,-2.377,-11.153,none
344,user43,12-44-22-44,-2.636,-9.676,none
345,user43,12-44-22-95,-2.904,-8.19,none
346,user43,12-44-23-45,-3.22,-6.71,none
347,user43,12-44-23-95,-4.177,-5.598,PA-0052
348,user43,12-44-24-46,-4.023,-4.325,none
349,user43,12-44-24-96,-5.375,-3.949,none
350,user43,12-44-25-46,-6.613,-3.253,PA-0026
351,user43,12-44-25-97,-8.081,-3.626,PA-0026
352,user43,12-44-26-47,-8.839,-2.98,PA-0026
353,user43,12-44-26-98,-7.458,-2.666,none
354,user43,12-44-27-48,-5.965,-2.597,none
355,user43,12-44-27-98,-5.234,-2.65,none
356,user43,12-44-28-49,-4.236,-3.072,PA-0072
357,user43,12-44-28-99,-3.87,-3.368,none
358,user43,12-44-29-49,-3.193,-3.046,none
359,user43,12-44-30-00,-4.703,-3.101,none
360,user43,12-44-30-50,-4.763,-3.853,none
361,user43,12-44-31-01,-3.265,-3.582,none
362,user43,12-44-31-51,-1.773,-3.31,none
363,user43,12-44-32-02,-2.492,-3.527,none
364,user43,12-44-32-52,-3.94,-3.936,none
365,user43,12-44-33-03,-4.632,-4.224,none
366,user43,12-44-33-53,-4.632,-4.224,none
367,user43,12-44-34-04,-4.632,-4.224,none
368,user43,12-44-34-54,-4.953,-4.431,none
369,user43,12-44-35-05,-5.303,-4.655,none
370,user43,12-44-35-55,-5.303,-4.655,none
371,user43,12-44-36-06,-5.303,-4.655,none
372,user43,12-44-36-56,-5.303,-4.655,none
373,user43,12-44-37-06,-5.303,-4.655,none
374,user43,12-44-37-57,-5.303,-4.655,none
375,user43,12-44-38-07,-5.303,-4.655,none
376,user43,12-44-38-58,-5.303,-4.655,none
377,user43,12-44-39-08,-5.303,-4.655,none
378,user43,12-44-39-58,-5.303,-4.655,none
379,user43,12-44-40-09,-5.303,-4.655,none
380,user43,12-44-40-59,-5.303,-4.655,none
381,user43,12-44-41-10,-5.303,-4.655,none
382,user43,12-44-41-60,-5.303,-4.655,none
383,user43,12-44-42-10,-5.303,-4.655,none
384,user43,12-44-42-60,-5.303,-4.655,none
385,user43,12-44-43-11,-5.303,-4.655,none
386,user43,12-44-43-61,-5.303,-4.655,none
387,user43,12-44-44-12,-5.303,-4.655,none
388,user43,12-44-44-62,-5.303,-4.655,none
389,user43,12-44-45-13,-5.303,-4.655,none
390,user43,12-44-45-63,-5.303,-4.655,none
391,user43,12-44-46-14,-5.303,-4.655,none
392,user43,12-44-46-64,-5.303,-4.655,none
393,user43,12-44-47-15,-5.303,-4.655,none
394,user43,12-44-47-66,-5.303,-4.655,none
395,user43,12-44-48-16,-5.303,-4.655,none
396,user43,12-44-48-66,-5.303,-4.655,none
397,user43,12-44-49-17,-5.303,-4.655,none
398,user43,12-44-49-67,-5.303,-4.655,none
399,user43,12-44-50-17,-5.303,-4.655,none
400,user43,12-44-50-68,-5.303,-4.655,none
401,user43,12-44-51-19,-5.303,-4.655,none
402,user43,12-44-51-69,-5.303,-4.655,none
403,user43,12-44-52-20,-5.303,-4.655,none
404,user43,12-44-52-70,-5.303,-4.655,none
405,user43,12-44-53-21,-5.303,-4.655,none
406,user43,12-44-53-71,-5.303,-4.655,none
407,user43,12-44-54-22,-5.303,-4.655,none
408,user43,12-44-54-72,-5.303,-4.655,none
409,user43,12-44-55-23,-5.303,-4.655,none
410,user43,12-44-55-73,-5.303,-4.655,none
411,user43,12-44-56-24,-5.303,-4.655,none
412,user43,12-44-56-74,-5.303,-4.655,none
413,user43,12-44-57-25,-5.303,-4.655,none
414,user43,12-44-57-75,-5.303,-4.655,none
415,user43,12-44-58-25,-5.303,-4.655,none
416,user43,12-44-58-75,-5.303,-4.655,none
417,user43,12-44-59-26,-5.303,-4.655,none
418,user43,12-44-59-76,-5.303,-4.655,none
419,user43,12-45-00-27,-5.303,-4.655,none
420,user43,12-45-00-77,-5.303,-4.655,none
421,user43,12-45-01-28,-5.303,-4.655,none
422,user43,12-45-01-79,-5.303,-4.655,none
423,user43,12-45-02-30,-5.303,-4.655,none
424,user43,12-45-02-80,-5.303,-4.655,none
425,user43,12-45-03-31,-5.303,-4.655,none
426,user43,12-45-03-81,-5.303,-4.655,none
427,user43,12-45-04-32,-5.303,-4.655,none
428,user43,12-45-04-82,-5.303,-4.655,none
429,user43,12-45-05-32,-5.303,-4.655,none
430,user43,12-45-05-83,-5.303,-4.655,none
431,user43,12-45-06-34,-5.303,-4.655,none
432,user43,12-45-06-85,-5.303,-4.655,none
433,user43,12-45-07-35,-5.303,-4.655,none
434,user43,12-45-07-85,-5.303,-4.655,none
435,user43,12-45-08-36,-5.303,-4.655,none
436,user43,12-45-08-87,-5.303,-4.655,none
437,user43,12-45-09-37,-5.303,-4.655,none
438,user43,12-45-09-87,-5.303,-4.655,none
439,user43,12-45-10-37,-5.303,-4.655,none
440,user43,12-45-10-88,-5.303,-4.655,none
441,user43,12-45-11-38,-5.303,-4.655,none
442,user43,12-45-11-88,-5.303,-4.655,none
443,user43,12-45-12-39,-5.303,-4.655,none
444,user43,12-45-12-90,-5.303,-4.655,none
445,user43,12-45-13-40,-5.303,-4.655,none
446,user43,12-45-13-90,-5.303,-4.655,none
447,user43,12-45-14-41,-5.303,-4.655,none
448,user43,12-45-14-91,-5.303,-4.655,none
449,user43,12-45-15-42,-5.303,-4.655,none
450,user43,12-45-15-93,-5.303,-4.655,none
451,user43,12-45-16-43,-5.868,-4.392,none
452,user43,12-45-16-93,-7.315,-3.987,none
453,user43,12-45-17-43,-8.079,-3.786,none
454,user43,12-45-17-94,-9.186,-3.667,none
455,user43,12-45-18-44,-9.245,-3.061,none
456,user43,12-45-18-94,-9.313,-4.222,none
457,user43,12-45-19-45,-9.147,-5.218,none
458,user43,12-45-19-96,-9.816,-4.984,none
459,user43,12-45-20-47,-10.18,-4.033,none
460,user43,12-45-20-98,-11.221,-4.132,none
461,user43,12-45-21-48,-11.221,-4.132,none
462,user43,12-45-21-99,-11.858,-4.129,none
463,user43,12-45-22-50,-11.858,-4.129,none
464,user43,12-45-23-00,-11.858,-4.129,none
465,user43,12-45-23-51,-11.858,-4.129,none
466,user43,12-45-24-02,-11.858,-4.129,none
467,user43,12-45-24-52,-11.858,-4.129,none
468,user43,12-45-25-03,-11.858,-4.129,none
469,user43,12-45-25-54,-11.858,-4.129,none
470,user43,12-45-26-05,-11.858,-4.129,none
471,user43,12-45-26-55,-11.858,-4.129,none
472,user43,12-45-27-05,-11.858,-4.129,none
473,user43,12-45-27-55,-11.858,-4.129,none
474,user43,12-45-28-06,-11.858,-4.129,none
475,user43,12-45-28-56,-11.858,-4.129,none
476,user43,12-45-29-06,-11.858,-4.129,none
477,user43,12-45-29-57,-11.858,-4.129,none
478,user43,12-45-30-07,-11.858,-4.129,none
479,user43,12-45-30-58,-11.858,-4.129,none
480,user43,12-45-31-08,-11.858,-4.129,none
481,user43,12-45-31-59,-11.858,-4.129,none
482,user43,12-45-32-09,-11.858,-4.129,none
483,user43,12-45-32-59,-11.858,-4.129,none
484,user43,12-45-33-10,-11.858,-4.129,none
485,user43,12-45-33-60,-11.858,-4.129,none
486,user43,12-45-34-11,-11.858,-4.129,none
487,user43,12-45-34-61,-11.858,-4.129,none
488,user43,12-45-35-11,-11.858,-4.129,none
489,user43,12-45-35-62,-11.858,-4.129,none
490,user43,12-45-36-12,-11.858,-4.129,none
491,user43,12-45-36-62,-11.858,-4.129,none
492,user43,12-45-37-13,-11.858,-4.129,none
493,user43,12-45-37-63,-11.858,-4.129,none
494,user43,12-45-38-13,-11.858,-4.129,none
495,user43,12-45-38-64,-11.858,-4.129,none
496,user43,12-45-39-14,-11.858,-4.129,none
497,user43,12-45-39-65,-11.858,-4.129,none
498,user43,12-45-40-15,-11.858,-4.129,none
499,user43,12-45-40-66,-11.858,-4.129,none
500,user43,12-45-41-16,-11.858,-4.129,none
501,user43,12-45-41-67,-11.858,-4.129,none
502,user43,12-45-42-17,-11.858,-4.129,none
503,user43,12-45-42-67,-11.858,-4.129,none
504,user43,12-45-43-18,-11.858,-4.129,none
505,user43,12-45-43-68,-11.858,-4.129,none
506,user43,12-45-44-19,-11.858,-4.129,none
507,user43,12-45-44-69,-11.858,-4.129,none
508,user43,12-45-45-19,-11.858,-4.129,none
509,user43,12-45-45-69,-11.858,-4.129,none
510,user43,12-45-46-20,-11.858,-4.129,none
511,user43,12-45-46-70,-11.858,-4.129,none
512,user43,12-45-47-20,-11.858,-4.129,none
513,user43,12-45-47-71,-11.858,-4.129,none
514,user43,12-45-48-21,-11.858,-4.129,none
515,user43,12-45-48-72,-11.858,-4.129,none
516,user43,12-45-49-22,-11.858,-4.129,none
517,user43,12-45-49-72,-11.858,-4.129,none
518,user43,12-45-50-22,-11.858,-4.129,none
519,user43,12-45-50-73,-11.858,-4.129,none
520,user43,12-45-51-23,-11.858,-4.129,none
521,user43,12-45-51-73,-11.858,-4.129,none
522,user43,12-45-52-24,-11.858,-4.129,none
523,user43,12-45-52-75,-11.858,-4.129,none
524,user43,12-45-53-25,-11.858,-4.129,none
525,user43,12-45-53-75,-11.858,-4.129,none
526,user43,12-45-54-25,-11.858,-4.129,none
527,user43,12-45-54-76,-11.858,-4.129,none
528,user43,12-45-55-26,-11.858,-4.129,none
529,user43,12-45-55-77,-11.858,-4.129,none
530,user43,12-45-56-27,-11.858,-4.129,none
531,user43,12-45-56-78,-11.858,-4.129,none
532,user43,12-45-57-28,-11.858,-4.129,none
533,user43,12-45-57-78,-11.858,-4.129,none
534,user43,12-45-58-28,-11.858,-4.129,none
535,user43,12-45-58-79,-11.858,-4.129,none
536,user43,12-45-59-29,-11.858,-4.129,none
537,user43,12-45-59-79,-11.858,-4.129,none
538,user43,12-46-00-30,-11.858,-4.129,none
539,user43,12-46-00-80,-11.858,-4.129,none
540,user43,12-46-01-30,-11.858,-4.129,none
541,user43,12-46-01-81,-11.858,-4.129,none
542,user43,12-46-02-31,-11.858,-4.129,none
543,user43,12-46-02-82,-11.858,-4.129,none
544,user43,12-46-03-32,-11.858,-4.129,none
545,user43,12-46-03-83,-11.858,-4.129,none
546,user43,12-46-04-33,-11.858,-4.129,none
547,user43,12-46-04-83,-11.858,-4.129,none
548,user43,12-46-05-33,-11.858,-4.129,none
549,user43,12-46-05-84,-11.858,-4.129,none
550,user43,12-46-06-34,-11.858,-4.129,none
551,user43,12-46-06-84,-11.858,-4.129,none
552,user43,12-46-07-35,-11.858,-4.129,none
553,user43,12-46-07-85,-11.858,-4.129,none
554,user43,12-46-08-35,-11.858,-4.129,none
555,user43,12-46-08-86,-11.858,-4.129,none
556,user43,12-46-09-36,-11.858,-4.129,none
557,user43,12-46-09-86,-11.858,-4.129,none
558,user43,12-46-10-36,-11.858,-4.129,none
559,user43,12-46-10-86,-11.858,-4.129,none
560,user43,12-46-11-37,-11.858,-4.129,none
561,user43,12-46-11-88,-11.858,-4.129,none
562,user43,12-46-12-38,-11.858,-4.129,none
563,user43,12-46-12-89,-11.858,-4.129,none
564,user43,12-46-13-40,-11.858,-4.129,none
565,user43,12-46-13-90,-11.858,-4.129,none
566,user43,12-46-14-40,-11.858,-4.129,none
567,user43,12-46-14-91,-11.858,-4.129,none
568,user43,12-46-15-41,-11.858,-4.129,none
569,user43,12-46-15-91,-11.858,-4.129,none
570,user43,12-46-16-42,-11.858,-4.129,none
571,user43,12-46-16-92,-11.858,-4.129,none
572,user43,12-46-17-42,-11.858,-4.129,none
573,user43,12-46-17-93,-11.858,-4.129,none
574,user43,12-46-18-43,-11.858,-4.129,none
575,user43,12-46-18-94,-11.858,-4.129,none
576,user43,12-46-19-45,-11.858,-4.129,none
577,user43,12-46-19-95,-11.858,-4.129,none
578,user43,12-46-20-46,-11.858,-4.129,none
579,user43,12-46-20-96,-11.858,-4.129,none
580,user43,12-46-21-46,-11.858,-4.129,none
581,user43,12-46-21-97,-11.858,-4.129,none
582,user43,12-46-22-47,-11.858,-4.129,none
583,user43,12-46-22-98,-11.858,-4.129,none
584,user43,12-46-23-48,-11.858,-4.129,none
585,user43,12-46-23-98,-11.858,-4.129,none
586,user43,12-46-24-48,-11.858,-4.129,none
587,user43,12-46-24-99,-11.858,-4.129,none
588,user43,12-46-25-49,-11.858,-4.129,none
589,user43,12-46-25-99,-11.858,-4.129,none
590,user43,12-46-26-49,-11.858,-4.129,none
591,user43,12-46-27-00,-11.858,-4.129,none
592,user43,12-46-27-50,-11.858,-4.129,none
593,user43,12-46-28-00,-11.858,-4.129,none
594,user43,12-46-28-51,-11.858,-4.129,none
595,user43,12-46-29-01,-11.858,-4.129,none
596,user43,12-46-29-51,-11.858,-4.129,none
597,user43,12-46-30-02,-11.858,-4.129,none
598,user43,12-46-30-53,-11.858,-4.129,none
599,user43,12-46-31-03,-11.858,-4.129,none
600,user43,12-46-31-54,-11.858,-4.129,none
601,user43,12-46-32-04,-11.858,-4.129,none
602,user43,12-46-32-55,-11.858,-4.129,none
603,user43,12-46-33-05,-11.858,-4.129,none
604,user43,12-46-33-56,-11.858,-4.129,none
605,user43,12-46-34-06,-11.858,-4.129,none
606,user43,12-46-34-56,-11.858,-4.129,none
607,user43,12-46-35-06,-11.858,-4.129,none
608,user43,12-46-35-57,-11.858,-4.129,none
609,user43,12-46-36-07,-11.858,-4.129,none
610,user43,12-46-36-58,-11.858,-4.129,none
611,user43,12-46-37-08,-11.858,-4.129,none
612,user43,12-46-37-58,-11.858,-4.129,none
613,user43,12-46-38-09,-11.858,-4.129,none
614,user43,12-46-38-59,-11.858,-4.129,none
615,user43,12-46-39-09,-11.858,-4.129,none
616,user43,12-46-39-59,-11.858,-4.129,none
617,user43,12-46-40-10,-11.858,-4.129,none
618,user43,12-46-40-60,-11.858,-4.129,none
619,user43,12-46-41-11,-11.858,-4.129,none
620,user43,12-46-41-61,-11.858,-4.129,none
621,user43,12-46-42-12,-11.858,-4.129,none
622,user43,12-46-42-62,-11.858,-4.129,none
623,user43,12-46-43-12,-11.858,-4.129,none
624,user43,12-46-43-62,-11.858,-4.129,none
625,user43,12-46-44-13,-11.858,-4.129,none
626,user43,12-46-44-63,-11.858,-4.129,none
627,user43,12-46-45-13,-11.858,-4.129,none
628,user43,12-46-45-63,-11.858,-4.129,none
629,user43,12-46-46-14,-11.858,-4.129,none
630,user43,12-46-46-64,-11.858,-4.129,none
631,user43,12-46-47-15,-11.858,-4.129,none
632,user43,12-46-47-65,-11.858,-4.129,none
633,user43,12-46-48-15,-11.858,-4.129,none
634,user43,12-46-48-65,-11.858,-4.129,none
635,user43,12-46-49-16,-11.858,-4.129,none
636,user43,12-46-49-66,-11.858,-4.129,none
637,user43,12-46-50-16,-11.858,-4.129,none
638,user43,12-46-50-66,-11.858,-4.129,none
639,user43,12-46-51-16,-11.858,-4.129,none
640,user43,12-46-51-67,-11.858,-4.129,none
641,user43,12-46-52-18,-11.858,-4.129,none
642,user43,12-46-52-69,-11.858,-4.129,none
643,user43,12-46-53-19,-11.858,-4.129,none
644,user43,12-46-53-70,-11.858,-4.129,none
645,user43,12-46-54-20,-11.858,-4.129,none
646,user43,12-46-54-70,-11.858,-4.129,none
647,user43,12-46-55-20,-11.858,-4.129,none
648,user43,12-46-55-71,-11.858,-4.129,none
649,user43,12-46-56-21,-11.858,-4.129,none
650,user43,12-46-56-72,-11.858,-4.129,none
651,user43,12-46-57-22,-11.858,-4.129,none
652,user43,12-46-57-73,-11.858,-4.129,none
653,user43,12-46-58-23,-11.858,-4.129,none
654,user43,12-46-58-74,-11.858,-4.129,none
655,user43,12-46-59-24,-11.858,-4.129,none
656,user43,12-46-59-74,-11.858,-4.129,none
657,user43,12-47-00-24,-11.858,-4.129,none
658,user43,12-47-00-75,-11.858,-4.129,none
659,user43,12-47-01-25,-11.858,-4.129,none
660,user43,12-47-01-76,-11.858,-4.129,none
661,user43,12-47-02-26,-11.858,-4.129,none
662,user43,12-47-02-76,-11.858,-4.129,none
663,user43,12-47-03-26,-11.858,-4.129,none
664,user43,12-47-03-77,-11.858,-4.129,none
665,user43,12-47-04-27,-11.858,-4.129,none
666,user43,12-47-04-78,-11.858,-4.129,none
667,user43,12-47-05-28,-11.858,-4.129,none
668,user43,12-47-05-78,-11.858,-4.129,none
669,user43,12-47-06-29,-11.858,-4.129,none
670,user43,12-47-06-80,-11.858,-4.129,none
671,user43,12-47-07-31,-11.858,-4.129,none
672,user43,12-47-07-81,-11.858,-4.129,none
673,user43,12-47-08-31,-11.858,-4.129,none
674,user43,12-47-08-82,-11.858,-4.129,none
675,user43,12-47-09-32,-11.858,-4.129,none
676,user43,12-47-09-82,-11.858,-4.129,none
677,user43,12-47-10-32,-11.858,-4.129,none
678,user43,12-47-10-83,-11.858,-4.129,none
679,user43,12-47-11-33,-11.858,-4.129,none
680,user43,12-47-11-83,-11.858,-4.129,none
681,user43,12-47-12-33,-11.858,-4.129,none
682,user43,12-47-12-83,-11.858,-4.129,none
683,user43,12-47-13-34,-11.858,-4.129,none
684,user43,12-47-13-84,-11.858,-4.129,none
685,user43,12-47-14-34,-11.858,-4.129,none
686,user43,12-47-14-85,-11.858,-4.129,none
687,user43,12-47-15-35,-11.858,-4.129,none
688,user43,12-47-15-85,-11.858,-4.129,none
689,user43,12-47-16-36,-11.858,-4.129,none
690,user43,12-47-16-87,-11.858,-4.129,none
691,user43,12-47-17-37,-11.858,-4.129,none
692,user43,12-47-17-87,-11.858,-4.129,none
693,user43,12-47-18-38,-11.858,-4.129,none
694,user43,12-47-18-89,-11.858,-4.129,none
695,user43,12-47-19-39,-11.858,-4.129,none
696,user43,12-47-19-89,-11.858,-4.129,none
697,user43,12-47-20-39,-11.858,-4.129,none
698,user43,12-47-20-89,-11.858,-4.129,none
699,user43,12-47-21-40,-11.858,-4.129,none
700,user43,12-47-21-90,-11.858,-4.129,none
701,user43,12-47-22-41,-11.858,-4.129,none
702,user43,12-47-22-91,-11.858,-4.129,none
703,user43,12-47-23-42,-11.858,-4.129,none
704,user43,12-47-23-92,-11.858,-4.129,none
705,user43,12-47-24-42,-11.858,-4.129,none
706,user43,12-47-24-93,-11.858,-4.129,none
707,user43,12-47-25-43,-11.858,-4.129,none
708,user43,12-47-25-94,-11.858,-4.129,none
709,user43,12-47-26-44,-11.858,-4.129,none
710,user43,12-47-26-94,-11.858,-4.129,none
711,user43,12-47-27-45,-11.858,-4.129,none
712,user43,12-47-27-95,-11.858,-4.129,none
713,user43,12-47-28-46,-11.858,-4.129,none
714,user43,12-47-28-97,-11.858,-4.129,none
715,user43,12-47-29-47,-11.858,-4.129,none
716,user43,12-47-29-98,-11.858,-4.129,none
717,user43,12-47-30-48,-11.858,-4.129,none
718,user43,12-47-30-98,-11.858,-4.129,none
719,user43,12-47-31-49,-11.858,-4.129,none
720,user43,12-47-32-00,-11.858,-4.129,none
721,user43,12-47-32-50,-11.858,-4.129,none
722,user43,12-47-33-01,-11.858,-4.129,none
723,user43,12-47-33-52,-11.858,-4.129,none
724,user43,12-47-34-02,-11.858,-4.129,none
725,user43,12-47-34-52,-11.858,-4.129,none
726,user43,12-47-35-03,-11.858,-4.129,none
727,user43,12-47-35-53,-11.858,-4.129,none
728,user43,12-47-36-03,-11.858,-4.129,none
729,user43,12-47-36-54,-11.858,-4.129,none
730,user43,12-47-37-04,-11.858,-4.129,none
731,user43,12-47-37-54,-11.858,-4.129,none
732,user43,12-47-38-05,-11.858,-4.129,none
733,user43,12-47-38-55,-11.858,-4.129,none
734,user43,12-47-39-05,-11.858,-4.129,none
735,user43,12-47-39-56,-11.858,-4.129,none
736,user43,12-47-40-06,-11.858,-4.129,none
737,user43,12-47-40-57,-11.858,-4.129,none
738,user43,12-47-41-07,-11.858,-4.129,none
739,user43,12-47-41-57,-11.858,-4.129,none
740,user43,12-47-42-07,-11.858,-4.129,none
741,user43,12-47-42-57,-11.858,-4.129,none
742,user43,12-47-43-08,-11.858,-4.129,none
743,user43,12-47-43-58,-11.858,-4.129,none
744,user43,12-47-44-09,-11.858,-4.129,none
745,user43,12-47-44-59,-11.858,-4.129,none
746,user43,12-47-45-10,-11.858,-4.129,none
747,user43,12-47-45-61,-11.858,-4.129,none
748,user43,12-47-46-11,-11.858,-4.129,none
749,user43,12-47-46-61,-11.858,-4.129,none
750,user43,12-47-47-12,-11.858,-4.129,none
751,user43,12-47-47-62,-11.858,-4.129,none
752,user43,12-47-48-13,-11.858,-4.129,none
753,user43,12-47-48-63,-11.858,-4.129,none
754,user43,12-47-49-13,-11.858,-4.129,none
755,user43,12-47-49-64,-11.858,-4.129,none
756,user43,12-47-50-14,-11.858,-4.129,none
757,user43,12-47-50-64,-11.858,-4.129,none
758,user43,12-47-51-15,-11.858,-4.129,none
759,user43,12-47-51-65,-11.858,-4.129,none
760,user43,12-47-52-16,-11.858,-4.129,none
761,user43,12-47-52-66,-11.858,-4.129,none
762,user43,12-47-53-17,-11.858,-4.129,none
763,user43,12-47-53-67,-11.858,-4.129,none
764,user43,12-47-54-18,-11.858,-4.129,none
765,user43,12-47-54-68,-11.858,-4.129,none
766,user43,12-47-55-18,-11.858,-4.129,none
767,user43,12-47-55-69,-11.858,-4.129,none
768,user43,12-47-56-20,-11.858,-4.129,none
769,user43,12-47-56-70,-11.858,-4.129,none
770,user43,12-47-57-21,-11.858,-4.129,none
771,user43,12-47-57-71,-11.858,-4.129,none
772,user43,12-47-58-22,-11.858,-4.129,none
773,user43,12-47-58-72,-11.858,-4.129,none
774,user43,12-47-59-23,-11.858,-4.129,none
775,user43,12-47-59-73,-11.858,-4.129,none
776,user43,12-48-00-24,-11.858,-4.129,none
777,user43,12-48-00-74,-11.858,-4.129,none
778,user43,12-48-01-24,-11.858,-4.129,none
779,user43,12-48-01-75,-11.858,-4.129,none
780,user43,12-48-02-26,-11.858,-4.129,none
781,user43,12-48-02-76,-11.858,-4.129,none
782,user43,12-48-03-27,-11.858,-4.129,none
783,user43,12-48-03-77,-11.858,-4.129,none
784,user43,12-48-04-27,-11.858,-4.129,none
785,user43,12-48-04-78,-11.858,-4.129,none
786,user43,12-48-05-29,-11.858,-4.129,none
787,user43,12-48-05-80,-11.858,-4.129,none
788,user43,12-48-06-30,-11.858,-4.129,none
789,user43,12-48-06-80,-11.858,-4.129,none
790,user43,12-48-07-31,-11.858,-4.129,none
791,user43,12-48-07-81,-11.858,-4.129,none
792,user43,12-48-08-32,-11.858,-4.129,none
793,user43,12-48-08-83,-11.858,-4.129,none
794,user43,12-48-09-33,-11.858,-4.129,none
795,user43,12-48-09-83,-11.858,-4.129,none
796,user43,12-48-10-34,-11.858,-4.129,none
797,user43,12-48-10-84,-11.858,-4.129,none
798,user43,12-48-11-35,-11.858,-4.129,none
799,user43,12-48-11-85,-11.858,-4.129,none
800,user43,12-48-12-35,-11.858,-4.129,none
801,user43,12-48-12-86,-11.858,-4.129,none
802,user43,12-48-13-36,-11.858,-4.129,none
803,user43,12-48-13-87,-11.858,-4.129,none
804,user43,12-48-14-37,-11.858,-4.129,none
805,user43,12-48-14-87,-11.858,-4.129,none
806,user43,12-48-15-37,-11.858,-4.129,none
807,user43,12-48-15-88,-11.858,-4.129,none
808,user43,12-48-16-38,-11.858,-4.129,none
809,user43,12-48-16-88,-11.858,-4.129,none
810,user43,12-48-17-39,-11.858,-4.129,none
811,user43,12-48-17-89,-11.858,-4.129,none
812,user43,12-48-18-40,-11.858,-4.129,none
813,user43,12-48-18-90,-11.858,-4.129,none
814,user43,12-48-19-40,-11.858,-4.129,none
815,user43,12-48-19-91,-11.858,-4.129,none
816,user43,12-48-20-41,-11.858,-4.129,none
817,user43,12-48-20-91,-11.858,-4.129,none
818,user43,12-48-21-41,-11.858,-4.129,none
819,user43,12-48-21-92,-11.858,-4.129,none
820,user43,12-48-22-43,-11.858,-4.129,none
821,user43,12-48-22-93,-11.858,-4.129,none
822,user43,12-48-23-44,-11.858,-4.129,none
823,user43,12-48-23-94,-11.858,-4.129,none
824,user43,12-48-24-44,-11.858,-4.129,none
825,user43,12-48-24-94,-11.858,-4.129,none
826,user43,12-48-25-45,-11.858,-4.129,none
827,user43,12-48-25-95,-11.858,-4.129,none
828,user43,12-48-26-46,-11.858,-4.129,none
829,user43,12-48-26-96,-11.858,-4.129,none
830,user43,12-48-27-46,-11.858,-4.129,none
831,user43,12-48-27-96,-11.858,-4.129,none
832,user43,12-48-28-47,-11.858,-4.129,none
833,user43,12-48-28-97,-11.858,-4.129,none
834,user43,12-48-29-48,-11.858,-4.129,none
835,user43,12-48-29-98,-11.858,-4.129,none
836,user43,12-48-30-48,-11.858,-4.129,none
837,user43,12-48-30-98,-11.858,-4.129,none
838,user43,12-48-31-49,-11.858,-4.129,none
839,user43,12-48-31-99,-11.858,-4.129,none
840,user43,12-48-32-50,-11.858,-4.129,none
841,user43,12-48-33-01,-11.858,-4.129,none
842,user43,12-48-33-51,-11.858,-4.129,none
843,user43,12-48-34-01,-11.858,-4.129,none
844,user43,12-48-34-51,-11.858,-4.129,none
845,user43,12-48-35-02,-11.858,-4.129,none
846,user43,12-48-35-52,-11.858,-4.129,none
847,user43,12-48-36-03,-11.858,-4.129,none
848,user43,12-48-36-53,-11.858,-4.129,none
849,user43,12-48-37-03,-11.858,-4.129,none
850,user43,12-48-37-54,-11.858,-4.129,none
851,user43,12-48-38-04,-11.858,-4.129,none
852,user43,12-48-38-55,-11.858,-4.129,none
853,user43,12-48-39-05,-11.858,-4.129,none
854,user43,12-48-39-55,-11.858,-4.129,none
855,user43,12-48-40-06,-11.858,-4.129,none
856,user43,12-48-40-57,-11.858,-4.129,none
857,user43,12-48-41-07,-11.858,-4.129,none
858,user43,12-48-41-57,-11.858,-4.129,none
859,user43,12-48-42-07,-11.858,-4.129,none
860,user43,12-48-42-58,-11.858,-4.129,none
861,user43,12-48-43-08,-11.858,-4.129,none
862,user43,12-48-43-59,-11.858,-4.129,none
863,user43,12-48-44-09,-11.858,-4.129,none
864,user43,12-48-44-59,-11.858,-4.129,none
865,user43,12-48-45-10,-11.858,-4.129,none
866,user43,12-48-45-60,-11.858,-4.129,none
867,user43,12-48-46-11,-11.858,-4.129,none
868,user43,12-48-46-61,-11.858,-4.129,none
869,user43,12-48-47-12,-11.858,-4.129,none
870,user43,12-48-47-62,-11.858,-4.129,none
871,user43,12-48-48-13,-11.858,-4.129,none
872,user43,12-48-48-63,-11.858,-4.129,none
873,user43,12-48-49-14,-11.858,-4.129,none
874,user43,12-48-49-64,-11.858,-4.129,none
875,user43,12-48-50-15,-11.858,-4.129,none
876,user43,12-48-50-66,-11.858,-4.129,none
877,user43,12-48-51-16,-11.858,-4.129,none
878,user43,12-48-51-66,-11.858,-4.129,none
879,user43,12-48-52-16,-11.858,-4.129,none
880,user43,12-48-52-67,-11.858,-4.129,none
881,user43,12-48-53-17,-11.858,-4.129,none
882,user43,12-48-53-68,-11.858,-4.129,none
883,user43,12-48-54-18,-11.858,-4.129,none
884,user43,12-48-54-69,-11.858,-4.129,none
885,user43,12-48-55-19,-11.858,-4.129,none
886,user43,12-48-55-69,-11.858,-4.129,none
887,user43,12-48-56-20,-11.858,-4.129,none
888,user43,12-48-56-71,-11.858,-4.129,none
889,user43,12-48-57-21,-11.858,-4.129,none
890,user43,12-48-57-72,-11.858,-4.129,none
891,user43,12-48-58-22,-11.858,-4.129,none
892,user43,12-48-58-73,-11.858,-4.129,none
893,user43,12-48-59-23,-11.858,-4.129,none
894,user43,12-48-59-73,-11.858,-4.129,none
895,user43,12-49-00-23,-11.858,-4.129,none
896,user43,12-49-00-73,-11.858,-4.129,none
897,user43,12-49-01-23,-11.858,-4.129,none
898,user43,12-49-01-74,-11.858,-4.129,none
899,user43,12-49-02-25,-11.858,-4.129,none
900,user43,12-49-02-75,-11.858,-4.129,none
901,user43,12-49-03-26,-11.858,-4.129,none
902,user43,12-49-03-76,-11.858,-4.129,none
903,user43,12-49-04-27,-11.858,-4.129,none
904,user43,12-49-04-77,-11.858,-4.129,none
905,user43,12-49-05-27,-11.858,-4.129,none
906,user43,12-49-05-78,-11.858,-4.129,none
907,user43,12-49-06-28,-11.858,-4.129,none
908,user43,12-49-06-79,-11.858,-4.129,none
909,user43,12-49-07-30,-11.858,-4.129,none
910,user43,12-49-07-81,-11.858,-4.129,none
911,user43,12-49-08-31,-11.858,-4.129,none
912,user43,12-49-08-82,-11.858,-4.129,none
913,user43,12-49-09-32,-11.858,-4.129,none
914,user43,12-49-09-83,-11.858,-4.129,none
915,user43,12-49-10-33,-11.858,-4.129,none
916,user43,12-49-10-83,-11.858,-4.129,none
917,user43,12-49-11-34,-11.858,-4.129,none
918,user43,12-49-11-84,-11.858,-4.129,none
919,user43,12-49-12-35,-11.858,-4.129,none
920,user43,12-49-12-85,-11.858,-4.129,none
921,user43,12-49-13-35,-11.858,-4.129,none
922,user43,12-49-13-85,-11.858,-4.129,none
923,user43,12-49-14-36,-11.858,-4.129,none
924,user43,12-49-14-86,-11.858,-4.129,none
925,user43,12-49-15-37,-11.858,-4.129,none
926,user43,12-49-15-87,-11.858,-4.129,none
927,user43,12-49-16-38,-11.858,-4.129,none
928,user43,12-49-16-88,-11.858,-4.129,none
929,user43,12-49-17-38,-11.858,-4.129,none
930,user43,12-49-17-89,-11.858,-4.129,none
931,user43,12-49-18-39,-11.858,-4.129,none
932,user43,12-49-18-90,-11.858,-4.129,none
933,user43,12-49-19-40,-11.858,-4.129,none
934,user43,12-49-19-91,-11.858,-4.129,none
935,user43,12-49-20-41,-11.858,-4.129,none
936,user43,12-49-20-91,-11.858,-4.129,none
937,user43,12-49-21-41,-11.858,-4.129,none
938,user43,12-49-21-92,-11.858,-4.129,none
939,user43,12-49-22-42,-11.858,-4.129,none
940,user43,12-49-22-92,-11.858,-4.129,none
941,user43,12-49-23-43,-11.858,-4.129,none
942,user43,12-49-23-93,-11.858,-4.129,none
943,user43,12-49-24-44,-11.858,-4.129,none
944,user43,12-49-24-94,-11.858,-4.129,none
945,user43,12-49-25-44,-11.858,-4.129,none
946,user43,12-49-25-94,-11.858,-4.129,none
947,user43,12-49-26-45,-11.858,-4.129,none
948,user43,12-49-26-95,-11.858,-4.129,none
949,user43,12-49-27-45,-11.858,-4.129,none
950,user43,12-49-27-96,-11.858,-4.129,none
951,user43,12-49-28-47,-11.858,-4.129,none
952,user43,12-49-28-97,-11.858,-4.129,none
953,user43,12-49-29-47,-11.858,-4.129,none
954,user43,12-49-29-98,-11.858,-4.129,none
955,user43,12-49-30-49,-11.858,-4.129,none
956,user43,12-49-30-99,-11.858,-4.129,none
957,user43,12-49-31-50,-11.858,-4.129,none
958,user43,12-49-32-00,-11.858,-4.129,none
959,user43,12-49-32-51,-11.858,-4.129,none
960,user43,12-49-33-01,-11.858,-4.129,none
961,user43,12-49-33-51,-11.858,-4.129,none
962,user43,12-49-34-02,-11.858,-4.129,none
963,user43,12-49-34-52,-11.858,-4.129,none
964,user43,12-49-35-03,-11.858,-4.129,none
965,user43,12-49-35-53,-11.858,-4.129,none
966,user43,12-49-36-03,-11.858,-4.129,none
967,user43,12-49-36-54,-11.858,-4.129,none
968,user43,12-49-37-05,-11.858,-4.129,none
969,user43,12-49-37-55,-11.858,-4.129,none
970,user43,12-49-38-05,-11.858,-4.129,none
971,user43,12-49-38-55,-11.858,-4.129,none
972,user43,12-49-39-06,-11.858,-4.129,none
973,user43,12-49-39-56,-11.858,-4.129,none
974,user43,12-49-40-07,-11.858,-4.129,none
975,user43,12-49-40-57,-11.858,-4.129,none
976,user43,12-49-41-07,-11.858,-4.129,none
977,user43,12-49-41-58,-11.858,-4.129,none
978,user43,12-49-42-08,-11.858,-4.129,none
979,user43,12-49-42-58,-11.858,-4.129,none
980,user43,12-49-43-09,-11.858,-4.129,none
981,user43,12-49-43-59,-11.858,-4.129,none
982,user43,12-49-44-09,-11.858,-4.129,none
983,user43,12-49-44-60,-11.858,-4.129,none
984,user43,12-49-45-11,-11.858,-4.129,none
985,user43,12-49-45-61,-11.858,-4.129,none
986,user43,12-49-46-12,-11.858,-4.129,none
987,user43,12-49-46-62,-11.858,-4.129,none
988,user43,12-49-47-13,-11.858,-4.129,none
989,user43,12-49-47-63,-11.858,-4.129,none
990,user43,12-49-48-13,-11.858,-4.129,none
991,user43,12-49-48-64,-11.858,-4.129,none
992,user43,12-49-49-14,-11.858,-4.129,none
993,user43,12-49-49-64,-11.858,-4.129,none
994,user43,12-49-50-15,-11.858,-4.129,none
995,user43,12-49-50-65,-11.858,-4.129,none
996,user43,12-49-51-16,-11.858,-4.129,none
997,user43,12-49-51-66,-11.858,-4.129,none
998,user43,12-49-52-16,-11.858,-4.129,none
999,user43,12-49-52-67,-11.858,-4.129,none
1000,user43,12-49-53-17,-11.858,-4.129,none
1001,user43,12-49-53-68,-11.858,-4.129,none
1002,user43,12-49-54-19,-11.858,-4.129,none
1003,user43,12-49-54-69,-11.858,-4.129,none
1004,user43,12-49-55-20,-11.858,-4.129,none
1005,user43,12-49-55-70,-11.858,-4.129,none
1006,user43,12-49-56-20,-11.858,-4.129,none
1007,user43,12-49-56-71,-11.858,-4.129,none
1008,user43,12-49-57-21,-11.858,-4.129,none
1009,user43,12-49-57-71,-11.858,-4.129,none
1010,user43,12-49-58-22,-11.858,-4.129,none
1011,user43,12-49-58-72,-11.858,-4.129,none
1012,user43,12-49-59-22,-11.858,-4.129,none
1013,user43,12-49-59-73,-11.858,-4.129,none
1014,user43,12-50-00-23,-11.858,-4.129,none
1015,user43,12-50-00-73,-11.858,-4.129,none
1016,user43,12-50-01-23,-11.858,-4.129,none
1017,user43,12-50-01-73,-11.858,-4.129,none
1018,user43,12-50-02-24,-11.858,-4.129,none
1019,user43,12-50-02-74,-11.858,-4.129,none
1020,user43,12-50-03-24,-11.858,-4.129,none
1021,user43,12-50-03-75,-11.858,-4.129,none
1022,user43,12-50-04-25,-11.858,-4.129,none
1023,user43,12-50-04-76,-11.858,-4.129,none
1024,user43,12-50-05-26,-11.858,-4.129,none
1025,user43,12-50-05-77,-11.858,-4.129,none
1026,user43,12-50-06-27,-11.858,-4.129,none
1027,user43,12-50-06-78,-11.858,-4.129,none
1028,user43,12-50-07-28,-11.858,-4.129,none
1029,user43,12-50-07-78,-11.858,-4.129,none
1030,user43,12-50-08-28,-11.858,-4.129,none
1031,user43,12-50-08-79,-11.858,-4.129,none
1032,user43,12-50-09-29,-11.858,-4.129,none
1033,user43,12-50-09-79,-11.858,-4.129,none
1034,user43,12-50-10-29,-11.858,-4.129,none
1035,user43,12-50-10-80,-11.858,-4.129,none
1036,user43,12-50-11-30,-11.858,-4.129,none
1037,user43,12-50-11-81,-11.858,-4.129,none
1038,user43,12-50-12-31,-11.858,-4.129,none
1039,user43,12-50-12-82,-11.858,-4.129,none
1040,user43,12-50-13-32,-11.858,-4.129,none
1041,user43,12-50-13-82,-11.858,-4.129,none
1042,user43,12-50-14-33,-11.858,-4.129,none
1043,user43,12-50-14-84,-11.858,-4.129,none
1044,user43,12-50-15-34,-11.858,-4.129,none
1045,user43,12-50-15-85,-11.858,-4.129,none
1046,user43,12-50-16-35,-11.858,-4.129,none
1047,user43,12-50-16-86,-11.858,-4.129,none
1048,user43,12-50-17-37,-11.858,-4.129,none
1049,user43,12-50-17-87,-11.858,-4.129,none
1050,user43,12-50-18-38,-11.858,-4.129,none
1051,user43,12-50-18-89,-11.858,-4.129,none
1052,user43,12-50-19-39,-11.858,-4.129,none
1053,user43,12-50-19-90,-11.858,-4.129,none
1054,user43,12-50-20-40,-11.858,-4.129,none
1055,user43,12-50-20-91,-11.858,-4.129,none
1056,user43,12-50-21-42,-11.858,-4.129,none
1057,user43,12-50-21-92,-11.858,-4.129,none
1058,user43,12-50-22-42,-11.858,-4.129,none
1059,user43,12-50-22-93,-11.858,-4.129,none
1060,user43,12-50-23-43,-11.858,-4.129,none
1061,user43,12-50-23-94,-11.858,-4.129,none
1062,user43,12-50-24-44,-11.858,-4.129,none
1063,user43,12-50-24-94,-11.858,-4.129,none
1064,user43,12-50-25-44,-11.858,-4.129,none
1065,user43,12-50-25-95,-11.858,-4.129,none
1066,user43,12-50-26-45,-11.858,-4.129,none
1067,user43,12-50-26-95,-11.17,-4.141,none
1068,user43,12-50-27-46,-9.708,-4.389,none
1069,user43,12-50-27-97,-8.288,-3.905,none
1070,user43,12-50-28-47,-6.964,-3.551,none
1071,user43,12-50-28-97,-5.606,-4.132,none
1072,user43,12-50-29-47,-4.313,-4.46,none
1073,user43,12-50-29-98,-4.495,-5.955,none
1074,user43,12-50-30-48,-3.347,-6.528,none
1075,user43,12-50-30-99,-1.974,-7.142,none
1076,user43,12-50-31-50,-1.541,-8.167,none
1077,user43,12-50-32-00,-2.119,-7.606,none
1078,user43,12-50-32-50,-2.971,-6.479,none
1079,user43,12-50-33-01,-3.407,-5.025,none
1080,user43,12-50-33-51,-4.217,-3.79,none
1081,user43,12-50-34-02,-5.198,-3.613,none
1082,user43,12-50-34-52,-6.506,-3.212,none
1083,user43,12-50-35-03,-7.887,-2.745,none
1084,user43,12-50-35-53,-9.386,-2.695,none
1085,user43,12-50-36-04,-10.899,-2.616,none
1086,user43,12-50-36-54,-12.268,-3.039,none
1087,user43,12-50-37-05,-13.704,-3.522,PA-0095
1088,user43,12-50-37-55,-15.178,-3.79,PA-0095
1089,user43,12-50-38-05,-16.305,-2.843,PA-0095
1090,user43,12-50-38-55,-17.156,-2.117,PA-0095
1091,user43,12-50-39-05,-17.156,-2.117,PA-0095
1092,user43,12-50-39-55,-16.68,-1.534,none
1093,user43,12-50-40-06,-16.538,-1.753,PA-0098
1094,user43,12-50-40-56,-15.907,-2.756,PA-0061
1095,user43,12-50-41-06,-15.832,-2.747,none
1096,user43,12-50-41-56,-14.419,-3.254,PA-0088
1097,user43,12-50-42-07,-13.109,-3.982,PA-0088
1098,user43,12-50-42-57,-12.014,-4.966,PA-0088
1099,user43,12-50-43-08,-12.25,-6.429,PA-0088
1100,user43,12-50-43-58,-12.259,-6.474,PA-0088
1101,user43,12-50-44-09,-12.356,-7.077,PA-0088
1102,user43,12-50-44-59,-12.356,-7.077,PA-0088
1103,user43,12-50-45-10,-12.356,-7.077,PA-0084
1104,user43,12-50-45-60,-11.674,-7.125,PA-0084
1105,user43,12-50-46-11,-11.652,-7.233,PA-0084
1106,user43,12-50-46-61,-11.783,-6.603,PA-0084
1107,user43,12-50-47-12,-11.764,-6.696,PA-0084
1108,user43,12-50-47-62,-11.776,-6.638,PA-0084
1109,user43,12-50-48-13,-12.083,-5.158,PA-0084
1110,user43,12-50-48-63,-12.528,-4.741,PA-0084
1111,user43,12-50-49-14,-13.547,-4.421,PA-0084
1112,user43,12-50-49-65,-13.727,-4.36,PA-0084
1113,user43,12-50-50-16,-14.38,-4.798,none
1114,user43,12-50-50-66,-14.366,-5.623,PA-0084
1115,user43,12-50-51-16,-13.78,-6.608,PA-0084
1116,user43,12-50-51-67,-13.992,-6.807,PA-0084
1117,user43,12-50-52-17,-13.992,-6.807,PA-0084
1118,user43,12-50-52-67,-13.992,-6.807,PA-0084
1119,user43,12-50-53-18,-13.992,-6.807,PA-0084
1120,user43,12-50-53-68,-13.992,-6.807,PA-0084
1121,user43,12-50-54-19,-13.992,-6.807,PA-0084
1122,user43,12-50-54-70,-13.992,-6.807,PA-0084
1123,user43,12-50-55-20,-13.992,-6.807,PA-0084
1124,user43,12-50-55-70,-13.992,-6.807,PA-0084
1125,user43,12-50-56-20,-13.992,-6.807,PA-0084
1126,user43,12-50-56-71,-13.992,-6.807,PA-0084
1127,user43,12-50-57-21,-13.992,-6.807,PA-0084
1128,user43,12-50-57-71,-13.992,-6.807,PA-0084
1129,user43,12-50-58-21,-13.992,-6.807,PA-0084
1130,user43,12-50-58-72,-13.992,-6.807,PA-0084
1131,user43,12-50-59-22,-13.992,-6.807,PA-0084
1132,user43,12-50-59-72,-13.992,-6.807,PA-0084
1133,user43,12-51-00-23,-13.992,-6.807,PA-0084
1134,user43,12-51-00-73,-13.992,-6.807,PA-0084
1135,user43,12-51-01-24,-13.992,-6.807,PA-0084
1136,user43,12-51-01-74,-13.992,-6.807,PA-0084
1137,user43,12-51-02-25,-13.992,-6.807,PA-0084
1138,user43,12-51-02-75,-13.992,-6.807,PA-0084
1139,user43,12-51-03-26,-13.992,-6.807,PA-0084
1140,user43,12-51-03-76,-13.992,-6.807,PA-0084
1141,user43,12-51-04-27,-13.992,-6.807,PA-0084
1142,user43,12-51-04-77,-13.992,-6.807,PA-0084
1143,user43,12-51-05-28,-13.992,-6.807,PA-0084
1144,user43,12-51-05-78,-13.992,-6.807,PA-0084
1145,user43,12-51-06-28,-13.992,-6.807,PA-0084
1146,user43,12-51-06-79,-13.992,-6.807,PA-0084
1147,user43,12-51-07-29,-13.992,-6.807,PA-0084
1148,user43,12-51-07-80,-13.992,-6.807,PA-0084
1149,user43,12-51-08-31,-13.992,-6.807,PA-0084
1150,user43,12-51-08-81,-13.992,-6.807,PA-0084
1151,user43,12-51-09-31,-13.992,-6.807,PA-0084
1152,user43,12-51-09-82,-13.992,-6.807,PA-0084
1153,user43,12-51-10-32,-13.992,-6.807,PA-0084
1154,user43,12-51-10-83,-13.992,-6.807,PA-0084
1155,user43,12-51-11-33,-13.992,-6.807,PA-0084
1156,user43,12-51-11-84,-13.992,-6.807,PA-0084
1157,user43,12-51-12-34,-13.992,-6.807,PA-0084
1158,user43,12-51-12-85,-13.992,-6.807,PA-0084
1159,user43,12-51-13-35,-13.992,-6.807,PA-0084
1160,user43,12-51-13-85,-13.992,-6.807,PA-0084
1161,user43,12-51-14-36,-13.992,-6.807,PA-0084
1162,user43,12-51-14-86,-13.992,-6.807,PA-0084
1163,user43,12-51-15-36,-13.992,-6.807,PA-0084
1164,user43,12-51-15-86,-13.992,-6.807,PA-0084
1165,user43,12-51-16-36,-13.992,-6.807,PA-0084
1166,user43,12-51-16-86,-13.992,-6.807,PA-0084
1167,user43,12-51-17-36,-13.992,-6.807,PA-0084
1168,user43,12-51-17-87,-13.992,-6.807,PA-0084
1169,user43,12-51-18-37,-13.992,-6.807,PA-0084
1170,user43,12-51-18-87,-13.992,-6.807,PA-0084
1171,user43,12-51-19-38,-13.992,-6.807,PA-0084
1172,user43,12-51-19-89,-13.992,-6.807,PA-0084
1173,user43,12-51-20-39,-13.992,-6.807,PA-0084
1174,user43,12-51-20-90,-13.992,-6.807,PA-0084
1175,user43,12-51-21-40,-13.992,-6.807,PA-0084
1176,user43,12-51-21-90,-13.992,-6.807,PA-0084
1177,user43,12-51-22-41,-13.992,-6.807,PA-0084
1178,user43,12-51-22-91,-13.992,-6.807,PA-0084
1179,user43,12-51-23-42,-13.992,-6.807,PA-0084
1180,user43,12-51-23-92,-13.992,-6.807,PA-0084
1181,user43,12-51-24-42,-13.992,-6.807,PA-0084
1182,user43,12-51-24-93,-13.992,-6.807,PA-0084
1183,user43,12-51-25-43,-13.992,-6.807,PA-0084
1184,user43,12-51-25-93,-13.992,-6.807,PA-0084
1185,user43,12-51-26-44,-13.992,-6.807,PA-0084
1186,user43,12-51-26-94,-13.992,-6.807,PA-0084
1187,user43,12-51-27-45,-13.992,-6.807,PA-0084
1188,user43,12-51-27-95,-13.992,-6.807,PA-0084
1189,user43,12-51-28-45,-13.992,-6.807,PA-0084
1190,user43,12-51-28-96,-13.992,-6.807,PA-0084
1191,user43,12-51-29-46,-13.992,-6.807,PA-0084
1192,user43,12-51-29-96,-13.992,-6.807,PA-0084
1193,user43,12-51-30-47,-13.992,-6.807,PA-0084
1194,user43,12-51-30-97,-13.992,-6.807,PA-0084
1195,user43,12-51-31-48,-13.992,-6.807,PA-0084
1196,user43,12-51-31-98,-13.992,-6.807,PA-0084
1197,user43,12-51-32-49,-13.992,-6.807,PA-0084
1198,user43,12-51-32-99,-13.992,-6.807,PA-0084
1199,user43,12-51-33-50,-13.992,-6.807,PA-0084
1200,user43,12-51-34-00,-13.992,-6.807,PA-0084
1201,user43,12-51-34-50,-13.992,-6.807,PA-0084
1202,user43,12-51-35-01,-13.992,-6.807,PA-0084
1203,user43,12-51-35-51,-13.992,-6.807,PA-0084
1204,user43,12-51-36-02,-13.992,-6.807,PA-0084
1205,user43,12-51-36-52,-13.992,-6.807,PA-0084
1206,user43,12-51-37-02,-13.992,-6.807,PA-0084
1207,user43,12-51-37-52,-13.992,-6.807,PA-0084
1208,user43,12-51-38-03,-13.992,-6.807,PA-0084
1209,user43,12-51-38-53,-13.992,-6.807,PA-0084
1210,user43,12-51-39-04,-13.992,-6.807,PA-0084
1211,user43,12-51-39-54,-13.992,-6.807,PA-0084
1212,user43,12-51-40-05,-13.992,-6.807,PA-0084
1213,user43,12-51-40-55,-13.992,-6.807,PA-0084
1214,user43,12-51-41-06,-13.992,-6.807,PA-0084
1215,user43,12-51-41-56,-13.992,-6.807,PA-0084
1216,user43,12-51-42-06,-13.992,-6.807,PA-0084
1217,user43,12-51-42-57,-13.992,-6.807,PA-0084
1218,user43,12-51-43-07,-13.992,-6.807,PA-0084
1219,user43,12-51-43-57,-13.992,-6.807,PA-0084
1220,user43,12-51-44-08,-13.992,-6.807,PA-0084
1221,user43,12-51-44-58,-13.992,-6.807,PA-0084
1222,user43,12-51-45-08,-13.992,-6.807,PA-0084
1223,user43,12-51-45-59,-13.992,-6.807,PA-0084
1224,user43,12-51-46-09,-13.992,-6.807,PA-0084
1225,user43,12-51-46-59,-13.992,-6.807,PA-0084
1226,user43,12-51-47-10,-13.992,-6.807,PA-0084
1227,user43,12-51-47-60,-13.992,-6.807,PA-0084
1228,user43,12-51-48-10,-13.992,-6.807,PA-0084
1229,user43,12-51-48-60,-13.992,-6.807,PA-0084
1230,user43,12-51-49-11,-13.992,-6.807,PA-0084
1231,user43,12-51-49-61,-13.992,-6.807,PA-0084
1232,user43,12-51-50-12,-13.992,-6.807,PA-0084
1233,user43,12-51-50-62,-13.992,-6.807,PA-0084
1234,user43,12-51-51-12,-13.992,-6.807,PA-0084
1235,user43,12-51-51-63,-13.992,-6.807,PA-0084
1236,user43,12-51-52-13,-13.992,-6.807,PA-0084
1237,user43,12-51-52-63,-13.992,-6.807,PA-0084
1238,user43,12-51-53-14,-13.992,-6.807,PA-0084
1239,user43,12-51-53-64,-13.992,-6.807,PA-0084
1240,user43,12-51-54-15,-13.992,-6.807,PA-0084
1241,user43,12-51-54-65,-13.992,-6.807,PA-0084
1242,user43,12-51-55-15,-13.992,-6.807,PA-0084
1243,user43,12-51-55-65,-13.992,-6.807,PA-0084
1244,user43,12-51-56-16,-13.992,-6.807,PA-0084
1245,user43,12-51-56-66,-13.992,-6.807,PA-0084
1246,user43,12-51-57-17,-13.992,-6.807,PA-0084
1247,user43,12-51-57-67,-13.992,-6.807,PA-0084
1248,user43,12-51-58-18,-13.992,-6.807,PA-0084
1249,user43,12-51-58-68,-13.992,-6.807,PA-0084
1250,user43,12-51-59-19,-13.992,-6.807,PA-0084
1251,user43,12-51-59-69,-13.992,-6.807,PA-0084
1252,user43,12-52-00-19,-13.992,-6.807,PA-0084
1253,user43,12-52-00-70,-13.992,-6.807,PA-0084
1254,user43,12-52-01-21,-13.992,-6.807,PA-0084
1255,user43,12-52-01-71,-13.992,-6.807,PA-0084
1256,user43,12-52-02-21,-13.992,-6.807,PA-0084
1257,user43,12-52-02-72,-13.992,-6.807,PA-0084
1258,user43,12-52-03-21,-13.992,-6.807,PA-0084
1259,user43,12-52-03-72,-13.992,-6.807,PA-0084
1260,user43,12-52-04-22,-13.992,-6.807,PA-0084
1261,user43,12-52-04-73,-13.992,-6.807,PA-0084
1262,user43,12-52-05-24,-13.992,-6.807,PA-0084
1263,user43,12-52-05-74,-13.992,-6.807,PA-0084
1264,user43,12-52-06-24,-13.992,-6.807,PA-0084
1265,user43,12-52-06-74,-13.992,-6.807,PA-0084
1266,user43,12-52-07-25,-13.992,-6.807,PA-0084
1267,user43,12-52-07-75,-13.992,-6.807,PA-0084
1268,user43,12-52-08-26,-13.992,-6.807,PA-0084
1269,user43,12-52-08-76,-13.992,-6.807,PA-0084
1270,user43,12-52-09-26,-13.992,-6.807,PA-0084
1271,user43,12-52-09-77,-13.992,-6.807,none
1272,user43,12-52-10-27,-13.992,-6.807,none
1273,user43,12-52-10-77,-13.992,-6.807,PA-0072
1274,user43,12-52-11-28,-13.992,-6.807,none
1275,user43,12-52-11-78,-13.992,-6.807,none
1276,user43,12-52-12-29,-13.992,-6.807,none
1277,user43,12-52-12-80,-13.992,-6.807,none
1278,user43,12-52-13-30,-13.992,-6.807,none
1279,user43,12-52-13-80,-13.882,-6.731,none
1280,user43,12-52-14-31,-12.558,-6.026,none
1281,user43,12-52-14-81,-11.67,-4.954,none
1282,user43,12-52-15-31,-10.763,-3.764,none
1283,user43,12-52-15-82,-9.445,-3.504,none
1284,user43,12-52-16-32,-7.979,-3.833,none
1285,user43,12-52-16-82,-6.777,-4.682,none
1286,user43,12-52-17-33,-5.75,-5.793,none
1287,user43,12-52-17-83,-5.673,-7.136,none
1288,user43,12-52-18-34,-5.155,-8.171,none
1289,user43,12-52-18-84,-3.823,-8.466,none
1290,user43,12-52-19-34,-2.618,-9.251,none
1291,user43,12-52-19-84,-2.802,-10.455,none
1292,user43,12-52-20-35,-3.072,-11.875,none
1293,user43,12-52-20-85,-3.233,-13.376,none
1294,user43,12-52-21-35,-2.662,-13.7,none
1295,user43,12-52-21-86,-2.654,-12.85,none
1296,user43,12-52-22-36,-4.149,-13.023,none
1297,user43,12-52-22-87,-5.629,-12.784,PA-0089
1298,user43,12-52-23-37,-6.11,-12.813,PA-0089
1299,user43,12-52-23-88,-6.604,-13.024,PA-0089
1300,user43,12-52-24-38,-6.604,-13.024,PA-0089
1301,user43,12-52-24-89,-6.463,-13.387,PA-0089
1302,user43,12-52-25-40,-5.961,-13.192,PA-0089
1303,user43,12-52-25-90,-5.961,-13.192,PA-0089
1304,user43,12-52-26-41,-5.961,-13.192,PA-0089
1305,user43,12-52-26-91,-5.961,-13.192,PA-0089
1306,user43,12-52-27-41,-5.961,-13.192,PA-0089
1307,user43,12-52-27-91,-5.961,-13.192,PA-0089
1308,user43,12-52-28-41,-5.961,-13.192,PA-0089
1309,user43,12-52-28-91,-5.961,-13.192,PA-0089
1310,user43,12-52-29-41,-5.961,-13.192,PA-0089
1311,user43,12-52-29-92,-5.961,-13.192,PA-0089
1312,user43,12-52-30-43,-5.961,-13.192,PA-0089
1313,user43,12-52-30-93,-5.961,-13.192,PA-0089
1314,user43,12-52-31-43,-5.961,-13.192,PA-0089
1315,user43,12-52-31-93,-5.961,-13.192,PA-0089
1316,user43,12-52-32-44,-5.961,-13.192,PA-0089
1317,user43,12-52-32-94,-5.961,-13.192,PA-0089
1318,user43,12-52-33-44,-5.961,-13.192,PA-0089
1319,user43,12-52-33-95,-5.961,-13.192,PA-0089
1320,user43,12-52-34-45,-5.961,-13.192,PA-0089
1321,user43,12-52-34-95,-5.961,-13.192,PA-0089
1322,user43,12-52-35-45,-5.961,-13.192,PA-0089
1323,user43,12-52-35-96,-5.961,-13.192,PA-0089
1324,user43,12-52-36-46,-5.961,-13.192,PA-0089
1325,user43,12-52-36-96,-5.961,-13.192,PA-0089
1326,user43,12-52-37-46,-5.961,-13.192,PA-0089
1327,user43,12-52-37-97,-5.961,-13.192,PA-0089
1328,user43,12-52-38-47,-5.961,-13.192,PA-0089
1329,user43,12-52-38-97,-5.961,-13.192,PA-0089
1330,user43,12-52-39-47,-5.961,-13.192,PA-0089
1331,user43,12-52-39-98,-5.961,-13.192,PA-0089
1332,user43,12-52-40-48,-5.961,-13.192,PA-0089
1333,user43,12-52-40-99,-5.961,-13.192,PA-0089
1334,user43,12-52-41-49,-5.961,-13.192,PA-0089
1335,user43,12-52-41-99,-5.961,-13.192,PA-0089
1336,user43,12-52-42-50,-5.961,-13.192,PA-0089
1337,user43,12-52-43-00,-5.961,-13.192,PA-0089
1338,user43,12-52-43-50,-5.961,-13.192,PA-0089
1339,user43,12-52-44-01,-5.961,-13.192,PA-0089
1340,user43,12-52-44-51,-5.961,-13.192,PA-0089
1341,user43,12-52-45-01,-5.961,-13.192,PA-0089
1342,user43,12-52-45-52,-5.961,-13.192,PA-0089
1343,user43,12-52-46-02,-5.961,-13.192,PA-0089
1344,user43,12-52-46-53,-5.961,-13.192,PA-0089
1345,user43,12-52-47-03,-5.961,-13.192,PA-0089
1346,user43,12-52-47-54,-5.961,-13.192,PA-0089
1347,user43,12-52-48-04,-5.961,-13.192,PA-0089
1348,user43,12-52-48-54,-5.961,-13.192,PA-0089
1349,user43,12-52-49-05,-5.961,-13.192,PA-0089
1350,user43,12-52-49-55,-5.961,-13.192,PA-0089
1351,user43,12-52-50-06,-5.961,-13.192,PA-0089
1352,user43,12-52-50-56,-5.961,-13.192,PA-0089
1353,user43,12-52-51-06,-5.961,-13.192,PA-0089
1354,user43,12-52-51-56,-5.961,-13.192,PA-0089
1355,user43,12-52-52-07,-5.961,-13.192,PA-0089
1356,user43,12-52-52-57,-5.961,-13.192,PA-0089
1357,user43,12-52-53-07,-5.961,-13.192,PA-0089
1358,user43,12-52-53-58,-5.961,-13.192,PA-0089
1359,user43,12-52-54-08,-5.961,-13.192,PA-0089
1360,user43,12-52-54-58,-5.961,-13.192,PA-0089
1361,user43,12-52-55-08,-5.961,-13.192,PA-0089
1362,user43,12-52-55-58,-5.961,-13.192,PA-0089
1363,user43,12-52-56-09,-5.961,-13.192,PA-0089
1364,user43,12-52-56-59,-5.961,-13.192,PA-0089
1365,user43,12-52-57-10,-5.961,-13.192,PA-0089
1366,user43,12-52-57-60,-5.961,-13.192,PA-0089
1367,user43,12-52-58-10,-5.961,-13.192,PA-0089
1368,user43,12-52-58-61,-5.961,-13.192,PA-0089
1369,user43,12-52-59-11,-5.961,-13.192,PA-0089
1370,user43,12-52-59-61,-5.961,-13.192,PA-0089
1371,user43,12-53-00-12,-5.961,-13.192,PA-0089
1372,user43,12-53-00-62,-5.961,-13.192,PA-0089
1373,user43,12-53-01-13,-5.961,-13.192,PA-0089
1374,user43,12-53-01-63,-5.961,-13.192,PA-0089
1375,user43,12-53-02-14,-5.961,-13.192,PA-0089
1376,user43,12-53-02-64,-5.961,-13.192,PA-0089
1377,user43,12-53-03-14,-5.961,-13.192,PA-0089
1378,user43,12-53-03-65,-5.961,-13.192,PA-0089
1379,user43,12-53-04-15,-5.961,-13.192,PA-0089
1380,user43,12-53-04-65,-5.961,-13.192,PA-0089
1381,user43,12-53-05-16,-5.961,-13.192,PA-0089
1382,user43,12-53-05-66,-5.961,-13.192,PA-0089
1383,user43,12-53-06-16,-5.961,-13.192,PA-0089
1384,user43,12-53-06-67,-5.961,-13.192,PA-0089
1385,user43,12-53-07-17,-5.961,-13.192,PA-0089
1386,user43,12-53-07-68,-5.961,-13.192,PA-0089
1387,user43,12-53-08-18,-5.961,-13.192,PA-0089
1388,user43,12-53-08-68,-5.961,-13.192,PA-0089
1389,user43,12-53-09-19,-5.961,-13.192,PA-0089
1390,user43,12-53-09-69,-5.961,-13.192,PA-0089
1391,user43,12-53-10-19,-5.961,-13.192,PA-0089
1392,user43,12-53-10-69,-5.961,-13.192,PA-0089
1393,user43,12-53-11-20,-5.961,-13.192,PA-0089
1394,user43,12-53-11-70,-5.961,-13.192,PA-0089
1395,user43,12-53-12-21,-5.961,-13.192,PA-0089
1396,user43,12-53-12-72,-5.961,-13.192,PA-0089
1397,user43,12-53-13-22,-5.961,-13.192,PA-0089
1398,user43,12-53-13-73,-5.961,-13.192,PA-0089
1399,user43,12-53-14-23,-5.961,-13.192,PA-0089
1400,user43,12-53-14-73,-5.961,-13.192,PA-0089
1401,user43,12-53-15-24,-5.961,-13.192,PA-0089
1402,user43,12-53-15-74,-5.961,-13.192,PA-0089
1403,user43,12-53-16-25,-5.961,-13.192,PA-0089
1404,user43,12-53-16-75,-5.961,-13.192,PA-0089
1405,user43,12-53-17-26,-5.961,-13.192,PA-0089
1406,user43,12-53-17-77,-5.961,-13.192,PA-0089
1407,user43,12-53-18-27,-5.961,-13.192,PA-0089
1408,user43,12-53-18-77,-5.961,-13.192,PA-0089
1409,user43,12-53-19-27,-5.961,-13.192,PA-0089
1410,user43,12-53-19-78,-5.961,-13.192,PA-0089
1411,user43,12-53-20-29,-5.961,-13.192,PA-0089
1412,user43,12-53-20-79,-5.961,-13.192,PA-0089
1413,user43,12-53-21-30,-5.961,-13.192,PA-0089
1414,user43,12-53-21-80,-5.961,-13.192,PA-0089
1415,user43,12-53-22-31,-5.961,-13.192,PA-0089
1416,user43,12-53-22-81,-5.961,-13.192,PA-0089
1417,user43,12-53-23-32,-5.961,-13.192,PA-0089
1418,user43,12-53-23-82,-5.961,-13.192,PA-0089
1419,user43,12-53-24-32,-5.961,-13.192,PA-0089
1420,user43,12-53-24-83,-5.961,-13.192,PA-0089
1421,user43,12-53-25-33,-5.961,-13.192,PA-0089
1422,user43,12-53-25-83,-5.961,-13.192,PA-0089
1423,user43,12-53-26-34,-5.961,-13.192,PA-0089
1424,user43,12-53-26-84,-5.961,-13.192,PA-0089
1425,user43,12-53-27-35,-5.961,-13.192,PA-0089
1426,user43,12-53-27-86,-5.961,-13.192,PA-0089
1427,user43,12-53-28-36,-5.961,-13.192,PA-0089
1428,user43,12-53-28-86,-5.961,-13.192,PA-0089
1429,user43,12-53-29-36,-5.961,-13.192,PA-0089
1430,user43,12-53-29-87,-5.961,-13.192,PA-0089
1431,user43,12-53-30-37,-5.961,-13.192,PA-0089
1432,user43,12-53-30-87,-5.961,-13.192,PA-0089
1433,user43,12-53-31-38,-5.961,-13.192,PA-0089
1434,user43,12-53-31-88,-5.961,-13.192,PA-0089
1435,user43,12-53-32-39,-5.961,-13.192,PA-0089
1436,user43,12-53-32-89,-5.961,-13.192,PA-0089
1437,user43,12-53-33-39,-5.961,-13.192,PA-0089
1438,user43,12-53-33-90,-5.961,-13.192,PA-0089
1439,user43,12-53-34-40,-5.961,-13.192,PA-0089
1440,user43,12-53-34-90,-5.961,-13.192,PA-0089
1441,user43,12-53-35-41,-5.961,-13.192,PA-0089
1442,user43,12-53-35-91,-5.961,-13.192,PA-0089
1443,user43,12-53-36-41,-5.961,-13.192,PA-0089
1444,user43,12-53-36-91,-5.961,-13.192,PA-0089
1445,user43,12-53-37-41,-5.961,-13.192,PA-0089
1446,user43,12-53-37-92,-5.961,-13.192,PA-0089
1447,user43,12-53-38-42,-5.961,-13.192,PA-0089
1448,user43,12-53-38-92,-5.961,-13.192,PA-0089
1449,user43,12-53-39-42,-5.961,-13.192,PA-0089
1450,user43,12-53-39-92,-5.961,-13.192,PA-0089
1451,user43,12-53-40-43,-5.961,-13.192,PA-0089
1452,user43,12-53-40-94,-5.961,-13.192,PA-0089
1453,user43,12-53-41-44,-5.961,-13.192,PA-0089
1454,user43,12-53-41-95,-5.961,-13.192,PA-0089
1455,user43,12-53-42-45,-5.961,-13.192,PA-0089
1456,user43,12-53-42-95,-5.961,-13.192,PA-0089
1457,user43,12-53-43-46,-5.961,-13.192,PA-0089
1458,user43,12-53-43-96,-5.961,-13.192,PA-0089
1459,user43,12-53-44-47,-5.961,-13.192,PA-0089
1460,user43,12-53-44-97,-5.961,-13.192,PA-0089
1461,user43,12-53-45-47,-5.961,-13.192,PA-0089
1462,user43,12-53-45-97,-5.961,-13.192,PA-0089
1463,user43,12-53-46-48,-5.961,-13.192,PA-0089
1464,user43,12-53-46-98,-5.961,-13.192,PA-0089
1465,user43,12-53-47-49,-5.961,-13.192,PA-0089
1466,user43,12-53-47-99,-5.961,-13.192,PA-0089
1467,user43,12-53-48-50,-5.961,-13.192,PA-0089
1468,user43,12-53-49-00,-5.961,-13.192,PA-0089
1469,user43,12-53-49-51,-5.961,-13.192,PA-0089
1470,user43,12-53-50-01,-5.961,-13.192,PA-0089
1471,user43,12-53-50-51,-5.961,-13.192,PA-0089
1472,user43,12-53-51-02,-5.961,-13.192,PA-0089
1473,user43,12-53-51-52,-5.961,-13.192,PA-0089
1474,user43,12-53-52-03,-5.961,-13.192,PA-0089
1475,user43,12-53-52-53,-5.961,-13.192,PA-0089
1476,user43,12-53-53-04,-5.961,-13.192,PA-0089
1477,user43,12-53-53-54,-5.961,-13.192,PA-0089
1478,user43,12-53-54-05,-5.961,-13.192,PA-0089
1479,user43,12-53-54-55,-5.961,-13.192,PA-0089
1480,user43,12-53-55-05,-5.961,-13.192,PA-0089
1481,user43,12-53-55-55,-5.961,-13.192,PA-0089
1482,user43,12-53-56-06,-5.961,-13.192,PA-0089
1483,user43,12-53-56-56,-5.961,-13.192,PA-0089
1484,user43,12-53-57-07,-5.961,-13.192,PA-0089
1485,user43,12-53-57-57,-5.961,-13.192,PA-0089
1486,user43,12-53-58-08,-5.961,-13.192,PA-0089
1487,user43,12-53-58-58,-5.961,-13.192,PA-0089
1488,user43,12-53-59-09,-5.961,-13.192,PA-0089
1489,user43,12-53-59-59,-5.961,-13.192,PA-0089
1490,user43,12-54-00-09,-5.961,-13.192,PA-0089
1491,user43,12-54-00-60,-5.961,-13.192,PA-0089
1492,user43,12-54-01-10,-5.961,-13.192,PA-0089
1493,user43,12-54-01-61,-5.961,-13.192,PA-0089
1494,user43,12-54-02-11,-5.961,-13.192,PA-0089
1495,user43,12-54-02-62,-5.961,-13.192,PA-0089
1496,user43,12-54-03-12,-5.961,-13.192,PA-0089
1497,user43,12-54-03-62,-5.961,-13.192,PA-0089
1498,user43,12-54-04-13,-5.961,-13.192,PA-0089
1499,user43,12-54-04-63,-5.961,-13.192,PA-0089
1500,user43,12-54-05-14,-5.961,-13.192,PA-0089
1501,user43,12-54-05-64,-5.961,-13.192,PA-0089
1502,user43,12-54-06-14,-5.961,-13.192,PA-0089
1503,user43,12-54-06-65,-5.961,-13.192,PA-0089
1504,user43,12-54-07-15,-5.961,-13.192,PA-0089
1505,user43,12-54-07-65,-5.961,-13.192,PA-0089
1506,user43,12-54-08-16,-5.961,-13.192,PA-0089
1507,user43,12-54-08-66,-5.961,-13.192,PA-0089
1508,user43,12-54-09-17,-5.961,-13.192,PA-0089
1509,user43,12-54-09-67,-5.961,-13.192,PA-0089
1510,user43,12-54-10-17,-5.961,-13.192,PA-0089
1511,user43,12-54-10-67,-5.961,-13.192,PA-0089
1512,user43,12-54-11-17,-5.961,-13.192,PA-0089
1513,user43,12-54-11-67,-5.961,-13.192,PA-0089
1514,user43,12-54-12-17,-5.961,-13.192,PA-0089
1515,user43,12-54-12-68,-5.961,-13.192,PA-0089
1516,user43,12-54-13-19,-5.961,-13.192,PA-0089
1517,user43,12-54-13-69,-5.961,-13.192,PA-0089
1518,user43,12-54-14-19,-5.961,-13.192,PA-0089
1519,user43,12-54-14-69,-5.961,-13.192,PA-0089
1520,user43,12-54-15-19,-5.961,-13.192,PA-0089
1521,user43,12-54-15-70,-5.961,-13.192,PA-0089
1522,user43,12-54-16-20,-5.961,-13.192,PA-0089
1523,user43,12-54-16-71,-5.961,-13.192,PA-0089
1524,user43,12-54-17-21,-5.961,-13.192,PA-0089
1525,user43,12-54-17-71,-5.961,-13.192,PA-0089
1526,user43,12-54-18-22,-5.961,-13.192,PA-0089
1527,user43,12-54-18-72,-5.961,-13.192,PA-0089
1528,user43,12-54-19-23,-5.961,-13.192,PA-0089
1529,user43,12-54-19-73,-5.961,-13.192,PA-0089
1530,user43,12-54-20-23,-5.961,-13.192,PA-0089
1531,user43,12-54-20-74,-5.961,-13.192,PA-0089
1532,user43,12-54-21-25,-5.961,-13.192,PA-0089
1533,user43,12-54-21-75,-5.961,-13.192,PA-0089
1534,user43,12-54-22-25,-5.961,-13.192,PA-0089
1535,user43,12-54-22-75,-5.961,-13.192,PA-0089
1536,user43,12-54-23-26,-5.961,-13.192,PA-0089
1537,user43,12-54-23-76,-5.961,-13.192,PA-0089
1538,user43,12-54-24-27,-5.961,-13.192,PA-0089
1539,user43,12-54-24-77,-5.961,-13.192,PA-0089
1540,user43,12-54-25-27,-5.961,-13.192,PA-0089
1541,user43,12-54-25-77,-5.961,-13.192,PA-0089
1542,user43,12-54-26-28,-5.961,-13.192,PA-0089
1543,user43,12-54-26-78,-5.961,-13.192,PA-0089
1544,user43,12-54-27-28,-5.961,-13.192,PA-0089
1545,user43,12-54-27-79,-5.961,-13.192,PA-0089
1546,user43,12-54-28-30,-5.961,-13.192,PA-0089
1547,user43,12-54-28-80,-5.961,-13.192,PA-0089
1548,user43,12-54-29-30,-5.961,-13.192,PA-0089
1549,user43,12-54-29-81,-5.961,-13.192,PA-0089
1550,user43,12-54-30-32,-5.961,-13.192,PA-0089
1551,user43,12-54-30-82,-5.961,-13.192,PA-0089
1552,user43,12-54-31-32,-5.961,-13.192,PA-0089
1553,user43,12-54-31-83,-5.961,-13.192,PA-0089
1554,user43,12-54-32-33,-5.961,-13.192,PA-0089
1555,user43,12-54-32-83,-5.961,-13.192,PA-0089
1556,user43,12-54-33-34,-5.961,-13.192,PA-0089
1557,user43,12-54-33-85,-5.961,-13.192,PA-0089
1558,user43,12-54-34-35,-5.961,-13.192,PA-0089
1559,user43,12-54-34-86,-5.961,-13.192,PA-0089
1560,user43,12-54-35-36,-5.961,-13.192,PA-0089
1561,user43,12-54-35-86,-5.961,-13.192,PA-0089
1562,user43,12-54-36-37,-5.961,-13.192,PA-0089
1563,user43,12-54-36-87,-5.961,-13.192,PA-0089
1564,user43,12-54-37-38,-5.961,-13.192,PA-0089
1565,user43,12-54-37-88,-5.961,-13.192,PA-0089
1566,user43,12-54-38-39,-5.961,-13.192,PA-0089
1567,user43,12-54-38-89,-5.961,-13.192,PA-0089
1568,user43,12-54-39-40,-5.961,-13.192,PA-0089
1569,user43,12-54-39-90,-5.961,-13.192,PA-0089
1570,user43,12-54-40-40,-5.961,-13.192,PA-0089
1571,user43,12-54-40-90,-5.961,-13.192,PA-0089
1572,user43,12-54-41-40,-5.961,-13.192,PA-0089
1573,user43,12-54-41-91,-5.961,-13.192,PA-0089
1574,user43,12-54-42-41,-5.961,-13.192,PA-0089
1575,user43,12-54-42-91,-5.961,-13.192,PA-0089
1576,user43,12-54-43-41,-5.961,-13.192,PA-0089
1577,user43,12-54-43-92,-5.961,-13.192,PA-0089
1578,user43,12-54-44-42,-5.961,-13.192,PA-0089
1579,user43,12-54-44-92,-5.961,-13.192,PA-0089
1580,user43,12-54-45-43,-5.961,-13.192,PA-0089
1581,user43,12-54-45-93,-5.961,-13.192,PA-0089
1582,user43,12-54-46-43,-5.961,-13.192,PA-0089
1583,user43,12-54-46-94,-5.961,-13.192,PA-0089
1584,user43,12-54-47-44,-5.961,-13.192,PA-0089
1585,user43,12-54-47-94,-5.961,-13.192,PA-0089
1586,user43,12-54-48-45,-5.961,-13.192,PA-0089
1587,user43,12-54-48-95,-5.961,-13.192,PA-0089
1588,user43,12-54-49-45,-5.961,-13.192,PA-0089
1589,user43,12-54-49-96,-5.961,-13.192,PA-0089
1590,user43,12-54-50-46,-5.961,-13.192,PA-0089
1591,user43,12-54-50-96,-5.961,-13.192,PA-0089
1592,user43,12-54-51-47,-5.961,-13.192,PA-0089
1593,user43,12-54-51-97,-5.961,-13.192,PA-0089
1594,user43,12-54-52-47,-5.961,-13.192,PA-0089
1595,user43,12-54-52-97,-5.961,-13.192,PA-0089
1596,user43,12-54-53-47,-5.961,-13.192,PA-0089
1597,user43,12-54-53-98,-5.961,-13.192,PA-0089
1598,user43,12-54-54-48,-5.961,-13.192,PA-0089
1599,user43,12-54-54-98,-5.961,-13.192,PA-0089
1600,user43,12-54-55-49,-5.961,-13.192,PA-0089
1601,user43,12-54-55-99,-5.961,-13.192,PA-0089
1602,user43,12-54-56-49,-5.961,-13.192,PA-0089
1603,user43,12-54-57-00,-5.961,-13.192,PA-0089
1604,user43,12-54-57-50,-5.961,-13.192,PA-0089
1605,user43,12-54-58-01,-5.961,-13.192,PA-0089
1606,user43,12-54-58-52,-5.961,-13.192,PA-0089
1607,user43,12-54-59-02,-5.961,-13.192,PA-0089
1608,user43,12-54-59-52,-5.961,-13.192,PA-0089
1609,user43,12-55-00-03,-5.961,-13.192,PA-0089
1610,user43,12-55-00-53,-5.961,-13.192,PA-0089
1611,user43,12-55-01-03,-5.961,-13.192,PA-0089
1612,user43,12-55-01-54,-5.961,-13.192,PA-0089
1613,user43,12-55-02-04,-5.961,-13.192,PA-0089
1614,user43,12-55-02-55,-5.961,-13.192,PA-0089
1615,user43,12-55-03-05,-5.961,-13.192,PA-0089
1616,user43,12-55-03-55,-5.961,-13.192,PA-0089
1617,user43,12-55-04-06,-5.961,-13.192,PA-0089
1618,user43,12-55-04-56,-5.961,-13.192,PA-0089
1619,user43,12-55-05-06,-5.961,-13.192,PA-0089
1620,user43,12-55-05-56,-5.961,-13.192,PA-0089
1621,user43,12-55-06-07,-5.961,-13.192,PA-0089
1622,user43,12-55-06-57,-5.961,-13.192,PA-0089
1623,user43,12-55-07-08,-5.961,-13.192,PA-0089
1624,user43,12-55-07-58,-5.961,-13.192,PA-0089
1625,user43,12-55-08-08,-5.961,-13.192,PA-0089
1626,user43,12-55-08-58,-5.961,-13.192,PA-0089
1627,user43,12-55-09-09,-5.961,-13.192,PA-0089
1628,user43,12-55-09-59,-5.961,-13.192,PA-0089
1629,user43,12-55-10-09,-5.961,-13.192,PA-0089
1630,user43,12-55-10-59,-5.961,-13.192,PA-0089
1631,user43,12-55-11-10,-5.961,-13.192,PA-0089
1632,user43,12-55-11-61,-5.961,-13.192,PA-0089
1633,user43,12-55-12-11,-5.961,-13.192,PA-0089
1634,user43,12-55-12-61,-5.961,-13.192,PA-0089
1635,user43,12-55-13-11,-5.961,-13.192,PA-0089
1636,user43,12-55-13-62,-5.961,-13.192,PA-0089
1637,user43,12-55-14-12,-5.961,-13.192,PA-0089
1638,user43,12-55-14-62,-5.961,-13.192,PA-0089
1639,user43,12-55-15-12,-5.961,-13.192,PA-0089
1640,user43,12-55-15-63,-5.961,-13.192,PA-0089
1641,user43,12-55-16-13,-5.961,-13.192,PA-0089
1642,user43,12-55-16-63,-5.961,-13.192,PA-0089
1643,user43,12-55-17-14,-5.961,-13.192,PA-0089
1644,user43,12-55-17-64,-5.961,-13.192,PA-0089
1645,user43,12-55-18-14,-5.961,-13.192,PA-0089
1646,user43,12-55-18-65,-5.961,-13.192,PA-0089
1647,user43,12-55-19-15,-5.961,-13.192,PA-0089
1648,user43,12-55-19-65,-5.961,-13.192,PA-0089
1649,user43,12-55-20-16,-5.961,-13.192,PA-0089
1650,user43,12-55-20-66,-5.961,-13.192,PA-0089
1651,user43,12-55-21-17,-5.961,-13.192,PA-0089
1652,user43,12-55-21-67,-5.961,-13.192,PA-0089
1653,user43,12-55-22-17,-5.961,-13.192,PA-0089
1654,user43,12-55-22-67,-5.961,-13.192,PA-0089
1655,user43,12-55-23-18,-5.961,-13.192,PA-0089
1656,user43,12-55-23-68,-5.961,-13.192,PA-0089
1657,user43,12-55-24-18,-5.961,-13.192,PA-0089
1658,user43,12-55-24-69,-5.961,-13.192,PA-0089
1659,user43,12-55-25-19,-5.961,-13.192,PA-0089
1660,user43,12-55-25-70,-5.961,-13.192,PA-0089
1661,user43,12-55-26-20,-5.961,-13.192,PA-0089
1662,user43,12-55-26-70,-5.961,-13.192,PA-0089
1663,user43,12-55-27-21,-5.961,-13.192,PA-0089
1664,user43,12-55-27-71,-5.961,-13.192,PA-0089
1665,user43,12-55-28-22,-5.961,-13.192,PA-0089
1666,user43,12-55-28-72,-5.961,-13.192,PA-0089
1667,user43,12-55-29-23,-5.961,-13.192,PA-0089
1668,user43,12-55-29-73,-5.961,-13.192,PA-0089
1669,user43,12-55-30-23,-5.961,-13.192,PA-0089
1670,user43,12-55-30-74,-5.961,-13.192,PA-0089
1671,user43,12-55-31-24,-5.961,-13.192,PA-0089
1672,user43,12-55-31-75,-5.961,-13.192,PA-0089
1673,user43,12-55-32-25,-5.961,-13.192,PA-0089
1674,user43,12-55-32-76,-5.961,-13.192,PA-0089
1675,user43,12-55-33-26,-5.961,-13.192,PA-0089
1676,user43,12-55-33-77,-5.961,-13.192,PA-0089
1677,user43,12-55-34-27,-5.961,-13.192,PA-0089
1678,user43,12-55-34-77,-5.961,-13.192,PA-0089
1679,user43,12-55-35-28,-5.961,-13.192,PA-0089
1680,user43,12-55-35-78,-5.961,-13.192,PA-0089
1681,user43,12-55-36-29,-5.961,-13.192,PA-0089
1682,user43,12-55-36-80,-5.961,-13.192,PA-0089
1683,user43,12-55-37-31,-5.961,-13.192,PA-0089
1684,user43,12-55-37-81,-5.961,-13.192,PA-0089
1685,user43,12-55-38-31,-5.961,-13.192,PA-0089
1686,user43,12-55-38-81,-5.961,-13.192,PA-0089
1687,user43,12-55-39-32,-5.961,-13.192,PA-0089
1688,user43,12-55-39-82,-5.961,-13.192,PA-0089
1689,user43,12-55-40-33,-5.961,-13.192,PA-0089
1690,user43,12-55-40-83,-5.961,-13.192,PA-0089
1691,user43,12-55-41-34,-5.961,-13.192,PA-0089
1692,user43,12-55-41-84,-5.961,-13.192,PA-0089
1693,user43,12-55-42-34,-5.961,-13.192,PA-0089
1694,user43,12-55-42-85,-5.961,-13.192,PA-0089
1695,user43,12-55-43-36,-5.961,-13.192,PA-0089
1696,user43,12-55-43-86,-5.961,-13.192,PA-0089
1697,user43,12-55-44-36,-5.961,-13.192,PA-0089
1698,user43,12-55-44-87,-5.961,-13.192,PA-0089
1699,user43,12-55-45-37,-5.961,-13.192,PA-0089
1700,user43,12-55-45-87,-5.961,-13.192,PA-0089
1701,user43,12-55-46-37,-5.961,-13.192,PA-0089
1702,user43,12-55-46-87,-5.961,-13.192,PA-0089
1703,user43,12-55-47-38,-5.961,-13.192,PA-0089
1704,user43,12-55-47-88,-5.961,-13.192,PA-0089
1705,user43,12-55-48-39,-5.961,-13.192,PA-0089
1706,user43,12-55-48-90,-5.961,-13.192,PA-0089
1707,user43,12-55-49-40,-5.961,-13.192,PA-0089
1708,user43,12-55-49-91,-5.961,-13.192,PA-0089
1709,user43,12-55-50-41,-5.961,-13.192,PA-0089
1710,user43,12-55-50-91,-5.961,-13.192,PA-0089
1711,user43,12-55-51-41,-5.961,-13.192,PA-0089
1712,user43,12-55-51-92,-5.961,-13.192,PA-0089
1713,user43,12-55-52-42,-5.961,-13.192,PA-0089
1714,user43,12-55-52-92,-5.961,-13.192,PA-0089
1715,user43,12-55-53-43,-5.961,-13.192,PA-0089
1716,user43,12-55-53-93,-5.961,-13.192,PA-0089
1717,user43,12-55-54-43,-5.961,-13.192,PA-0089
1718,user43,12-55-54-93,-5.961,-13.192,PA-0089
1719,user43,12-55-55-44,-5.961,-13.192,PA-0089
1720,user43,12-55-55-94,-5.961,-13.192,PA-0089
1721,user43,12-55-56-44,-5.961,-13.192,PA-0089
1722,user43,12-55-56-95,-5.961,-13.192,PA-0089
1723,user43,12-55-57-45,-5.961,-13.192,PA-0089
1724,user43,12-55-57-95,-5.961,-13.192,PA-0089
1725,user43,12-55-58-46,-5.961,-13.192,PA-0089
1726,user43,12-55-58-96,-5.961,-13.192,PA-0089
1727,user43,12-55-59-46,-5.961,-13.192,PA-0089
1728,user43,12-55-59-96,-5.961,-13.192,PA-0089
1729,user43,12-56-00-47,-5.961,-13.192,PA-0089
1730,user43,12-56-00-97,-5.961,-13.192,PA-0089
1731,user43,12-56-01-47,-5.961,-13.192,PA-0089
1732,user43,12-56-01-97,-5.961,-13.192,PA-0089
1733,user43,12-56-02-48,-5.961,-13.192,PA-0089
1734,user43,12-56-02-99,-5.961,-13.192,PA-0089
1735,user43,12-56-03-49,-5.961,-13.192,PA-0089
1736,user43,12-56-03-99,-5.961,-13.192,PA-0089
1737,user43,12-56-04-50,-5.961,-13.192,PA-0089
1738,user43,12-56-05-00,-5.961,-13.192,PA-0089
1739,user43,12-56-05-50,-5.961,-13.192,PA-0089
1740,user43,12-56-06-01,-5.961,-13.192,PA-0089
1741,user43,12-56-06-51,-5.961,-13.192,PA-0089
1742,user43,12-56-07-01,-5.961,-13.192,PA-0089
1743,user43,12-56-07-51,-5.961,-13.192,PA-0089
1744,user43,12-56-08-02,-5.961,-13.192,PA-0089
1745,user43,12-56-08-52,-5.961,-13.192,PA-0089
1746,user43,12-56-09-02,-5.961,-13.192,PA-0089
1747,user43,12-56-09-53,-5.961,-13.192,PA-0089
1748,user43,12-56-10-03,-5.961,-13.192,PA-0089
1749,user43,12-56-10-53,-5.961,-13.192,PA-0089
1750,user43,12-56-11-04,-5.961,-13.192,PA-0089
1751,user43,12-56-11-54,-5.961,-13.192,PA-0089
1752,user43,12-56-12-04,-5.961,-13.192,PA-0089
1753,user43,12-56-12-55,-5.961,-13.192,PA-0089
1754,user43,12-56-13-05,-5.961,-13.192,PA-0089
1755,user43,12-56-13-55,-5.961,-13.192,PA-0089
1756,user43,12-56-14-06,-5.961,-13.192,PA-0089
1757,user43,12-56-14-56,-5.961,-13.192,PA-0089
1758,user43,12-56-15-06,-5.961,-13.192,PA-0089
1759,user43,12-56-15-57,-5.961,-13.192,PA-0089
1760,user43,12-56-16-07,-5.961,-13.192,PA-0089
1761,user43,12-56-16-58,-5.961,-13.192,PA-0089
1762,user43,12-56-17-08,-5.961,-13.192,PA-0089
1763,user43,12-56-17-59,-5.961,-13.192,PA-0089
1764,user43,12-56-18-09,-5.961,-13.192,PA-0089
1765,user43,12-56-18-60,-5.961,-13.192,PA-0089
1766,user43,12-56-19-11,-5.961,-13.192,PA-0089
1767,user43,12-56-19-61,-5.961,-13.192,PA-0089
1768,user43,12-56-20-11,-5.961,-13.192,PA-0089
1769,user43,12-56-20-62,-5.961,-13.192,PA-0089
1770,user43,12-56-21-12,-5.961,-13.192,PA-0089
1771,user43,12-56-21-62,-5.961,-13.192,PA-0089
1772,user43,12-56-22-12,-5.961,-13.192,PA-0089
1773,user43,12-56-22-62,-5.961,-13.192,PA-0089
1774,user43,12-56-23-13,-5.961,-13.192,PA-0089
1775,user43,12-56-23-63,-5.961,-13.192,PA-0089
1776,user43,12-56-24-13,-5.961,-13.192,PA-0089
1777,user43,12-56-24-63,-5.961,-13.192,PA-0089
1778,user43,12-56-25-14,-5.961,-13.192,PA-0089
1779,user43,12-56-25-64,-5.961,-13.192,PA-0089
1780,user43,12-56-26-15,-5.961,-13.192,PA-0089
1781,user43,12-56-26-65,-5.961,-13.192,PA-0089
1782,user43,12-56-27-15,-5.961,-13.192,PA-0089
1783,user43,12-56-27-66,-5.961,-13.192,PA-0089
1784,user43,12-56-28-16,-5.961,-13.192,PA-0089
1785,user43,12-56-28-66,-5.961,-13.192,PA-0089
1786,user43,12-56-29-17,-5.961,-13.192,PA-0089
1787,user43,12-56-29-67,-5.961,-13.192,PA-0089
1788,user43,12-56-30-17,-5.961,-13.192,PA-0089
1789,user43,12-56-30-68,-5.961,-13.192,PA-0089
1790,user43,12-56-31-18,-5.961,-13.192,PA-0089
1791,user43,12-56-31-69,-5.961,-13.192,PA-0089
1792,user43,12-56-32-19,-5.961,-13.192,PA-0089
1793,user43,12-56-32-70,-5.961,-13.192,PA-0089
1794,user43,12-56-33-20,-5.961,-13.192,PA-0089
1795,user43,12-56-33-70,-5.961,-13.192,PA-0089
1796,user43,12-56-34-21,-5.961,-13.192,PA-0089
1797,user43,12-56-34-71,-5.961,-13.192,PA-0089
1798,user43,12-56-35-21,-5.961,-13.192,PA-0089
1799,user43,12-56-35-71,-5.961,-13.192,PA-0089
1800,user43,12-56-36-21,-5.961,-13.192,PA-0089
1801,user43,12-56-36-71,-5.961,-13.192,PA-0089
1802,user43,12-56-37-22,-5.961,-13.192,PA-0089
1803,user43,12-56-37-72,-5.961,-13.192,PA-0089
1804,user43,12-56-38-23,-5.961,-13.192,PA-0089
1805,user43,12-56-38-73,-5.961,-13.192,PA-0089
1806,user43,12-56-39-23,-5.961,-13.192,PA-0089
1807,user43,12-56-39-74,-5.961,-13.192,PA-0089
1808,user43,12-56-40-24,-5.961,-13.192,PA-0089
1809,user43,12-56-40-75,-5.961,-13.192,PA-0089
1810,user43,12-56-41-25,-5.961,-13.192,PA-0089
1811,user43,12-56-41-75,-5.961,-13.192,PA-0089
1812,user43,12-56-42-25,-5.961,-13.192,PA-0089
1813,user43,12-56-42-75,-5.961,-13.192,PA-0089
1814,user43,12-56-43-25,-5.961,-13.192,PA-0089
1815,user43,12-56-43-76,-5.961,-13.192,PA-0089
1816,user43,12-56-44-26,-5.961,-13.192,PA-0089
1817,user43,12-56-44-76,-5.961,-13.192,PA-0089
1818,user43,12-56-45-26,-5.961,-13.192,PA-0089
1819,user43,12-56-45-77,-5.961,-13.192,PA-0089
1820,user43,12-56-46-27,-5.961,-13.192,PA-0089
1821,user43,12-56-46-77,-5.961,-13.192,PA-0089
1822,user43,12-56-47-27,-5.961,-13.192,PA-0089
1823,user43,12-56-47-77,-5.961,-13.192,PA-0089
1824,user43,12-56-48-27,-5.961,-13.192,PA-0089
1825,user43,12-56-48-78,-5.961,-13.192,PA-0089
1826,user43,12-56-49-28,-5.961,-13.192,PA-0089
1827,user43,12-56-49-78,-5.961,-13.192,PA-0089
1828,user43,12-56-50-29,-5.961,-13.192,PA-0089
1829,user43,12-56-50-79,-5.961,-13.192,PA-0089
1830,user43,12-56-51-29,-5.961,-13.192,PA-0089
1831,user43,12-56-51-80,-5.961,-13.192,PA-0089
1832,user43,12-56-52-30,-5.961,-13.192,PA-0089
1833,user43,12-56-52-80,-5.961,-13.192,PA-0089
1834,user43,12-56-53-30,-5.961,-13.192,PA-0089
1835,user43,12-56-53-81,-5.961,-13.192,PA-0089
1836,user43,12-56-54-31,-5.961,-13.192,PA-0089
1837,user43,12-56-54-82,-5.961,-13.192,PA-0089
1838,user43,12-56-55-32,-5.961,-13.192,PA-0089
1839,user43,12-56-55-83,-5.961,-13.192,PA-0089
1840,user43,12-56-56-33,-5.961,-13.192,PA-0089
1841,user43,12-56-56-84,-5.961,-13.192,PA-0089
1842,user43,12-56-57-34,-5.961,-13.192,PA-0089
1843,user43,12-56-57-84,-5.961,-13.192,PA-0089
1844,user43,12-56-58-34,-5.961,-13.192,PA-0089
1845,user43,12-56-58-85,-5.961,-13.192,PA-0089
1846,user43,12-56-59-35,-5.961,-13.192,PA-0089
1847,user43,12-56-59-85,-5.961,-13.192,PA-0089
1848,user43,12-57-00-35,-5.961,-13.192,PA-0089
1849,user43,12-57-00-86,-5.961,-13.192,PA-0089
1850,user43,12-57-01-36,-5.961,-13.192,PA-0089
1851,user43,12-57-01-87,-5.961,-13.192,PA-0089
1852,user43,12-57-02-38,-5.961,-13.192,PA-0089
1853,user43,12-57-02-88,-5.961,-13.192,PA-0089
1854,user43,12-57-03-39,-5.961,-13.192,PA-0089
1855,user43,12-57-03-89,-5.961,-13.192,PA-0089
1856,user43,12-57-04-39,-5.961,-13.192,PA-0089
1857,user43,12-57-04-90,-5.961,-13.192,PA-0089
1858,user43,12-57-05-40,-5.961,-13.192,PA-0089
1859,user43,12-57-05-91,-5.961,-13.192,PA-0089
1860,user43,12-57-06-41,-5.961,-13.192,PA-0089
1861,user43,12-57-06-92,-5.961,-13.192,PA-0089
1862,user43,12-57-07-42,-5.961,-13.192,PA-0089
1863,user43,12-57-07-92,-5.961,-13.192,PA-0089
1864,user43,12-57-08-43,-5.961,-13.192,PA-0089
1865,user43,12-57-08-93,-5.961,-13.192,PA-0089
1866,user43,12-57-09-43,-5.961,-13.192,PA-0089
1867,user43,12-57-09-94,-5.961,-13.192,PA-0089
1868,user43,12-57-10-44,-5.961,-13.192,PA-0089
1869,user43,12-57-10-95,-5.961,-13.192,PA-0089
1870,user43,12-57-11-45,-5.961,-13.192,PA-0089
1871,user43,12-57-11-95,-5.961,-13.192,PA-0089
1872,user43,12-57-12-46,-5.961,-13.192,PA-0089
1873,user43,12-57-12-96,-5.961,-13.192,PA-0089
1874,user43,12-57-13-46,-5.961,-13.192,PA-0089
1875,user43,12-57-13-96,-5.961,-13.192,PA-0089
1876,user43,12-57-14-46,-5.961,-13.192,PA-0089
1877,user43,12-57-14-97,-5.961,-13.192,PA-0089
1878,user43,12-57-15-47,-5.961,-13.192,PA-0089
1879,user43,12-57-15-98,-5.961,-13.192,PA-0089
1880,user43,12-57-16-48,-5.961,-13.192,PA-0089
1881,user43,12-57-16-99,-5.961,-13.192,PA-0089
1882,user43,12-57-17-49,-5.961,-13.192,PA-0089
1883,user43,12-57-18-00,-5.961,-13.192,PA-0089
1884,user43,12-57-18-50,-5.961,-13.192,PA-0089
1885,user43,12-57-19-01,-5.961,-13.192,PA-0089
1886,user43,12-57-19-51,-5.961,-13.192,PA-0089
1887,user43,12-57-20-01,-5.961,-13.192,PA-0089
1888,user43,12-57-20-52,-5.961,-13.192,PA-0089
1889,user43,12-57-21-02,-5.961,-13.192,PA-0089
1890,user43,12-57-21-52,-5.961,-13.192,PA-0089
1891,user43,12-57-22-02,-5.961,-13.192,PA-0089
1892,user43,12-57-22-52,-5.961,-13.192,PA-0089
1893,user43,12-57-23-03,-5.961,-13.192,PA-0089
1894,user43,12-57-23-53,-5.961,-13.192,PA-0089
1895,user43,12-57-24-04,-5.961,-13.192,PA-0089
1896,user43,12-57-24-54,-5.961,-13.192,PA-0089
1897,user43,12-57-25-04,-5.961,-13.192,PA-0089
1898,user43,12-57-25-54,-5.961,-13.192,PA-0089
1899,user43,12-57-26-04,-5.961,-13.192,PA-0089
1900,user43,12-57-26-55,-5.961,-13.192,PA-0089
1901,user43,12-57-27-05,-5.961,-13.192,PA-0089
1902,user43,12-57-27-55,-5.961,-13.192,PA-0089
1903,user43,12-57-28-06,-5.961,-13.192,PA-0089
1904,user43,12-57-28-56,-5.961,-13.192,PA-0089
1905,user43,12-57-29-06,-5.961,-13.192,PA-0089
1906,user43,12-57-29-57,-5.961,-13.192,PA-0089
1907,user43,12-57-30-07,-5.961,-13.192,PA-0089
1908,user43,12-57-30-58,-5.961,-13.192,PA-0089
1909,user43,12-57-31-08,-5.961,-13.192,PA-0089
1910,user43,12-57-31-58,-5.961,-13.192,PA-0089
1911,user43,12-57-32-08,-5.961,-13.192,PA-0089
1912,user43,12-57-32-59,-5.961,-13.192,PA-0089
1913,user43,12-57-33-10,-5.961,-13.192,PA-0089
1914,user43,12-57-33-60,-5.961,-13.192,PA-0089
1915,user43,12-57-34-10,-5.961,-13.192,PA-0089
1916,user43,12-57-34-60,-5.961,-13.192,PA-0089
1917,user43,12-57-35-10,-5.961,-13.192,PA-0089
1918,user43,12-57-35-60,-5.961,-13.192,PA-0089
1919,user43,12-57-36-10,-5.961,-13.192,PA-0089
1920,user43,12-57-36-61,-5.961,-13.192,PA-0089
1921,user43,12-57-37-11,-5.961,-13.192,PA-0089
1922,user43,12-57-37-61,-5.961,-13.192,PA-0089
1923,user43,12-57-38-12,-5.961,-13.192,PA-0089
1924,user43,12-57-38-62,-5.961,-13.192,PA-0089
1925,user43,12-57-39-12,-5.961,-13.192,PA-0089
1926,user43,12-57-39-62,-5.961,-13.192,PA-0089
1927,user43,12-57-40-13,-5.961,-13.192,PA-0089
1928,user43,12-57-40-63,-5.961,-13.192,PA-0089
1929,user43,12-57-41-13,-5.961,-13.192,PA-0089
1930,user43,12-57-41-64,-5.961,-13.192,PA-0089
1931,user43,12-57-42-14,-5.961,-13.192,PA-0089
1932,user43,12-57-42-64,-5.961,-13.192,PA-0089
1933,user43,12-57-43-15,-5.961,-13.192,PA-0089
1934,user43,12-57-43-65,-5.961,-13.192,PA-0089
1935,user43,12-57-44-16,-5.961,-13.192,PA-0089
1936,user43,12-57-44-66,-5.961,-13.192,PA-0089
1937,user43,12-57-45-16,-5.961,-13.192,PA-0089
1938,user43,12-57-45-67,-5.961,-13.192,PA-0089
1939,user43,12-57-46-17,-5.961,-13.192,PA-0089
1940,user43,12-57-46-68,-5.961,-13.192,PA-0089
1941,user43,12-57-47-18,-5.961,-13.192,PA-0089
1942,user43,12-57-47-69,-5.961,-13.192,PA-0089
1943,user43,12-57-48-19,-5.961,-13.192,PA-0089
1944,user43,12-57-48-69,-5.961,-13.192,PA-0089
1945,user43,12-57-49-20,-5.961,-13.192,PA-0089
1946,user43,12-57-49-70,-5.961,-13.192,PA-0089
1947,user43,12-57-50-20,-5.961,-13.192,PA-0089
1948,user43,12-57-50-70,-5.961,-13.192,PA-0089
1949,user43,12-57-51-21,-5.961,-13.192,PA-0089
1950,user43,12-57-51-71,-5.961,-13.192,PA-0089
1951,user43,12-57-52-22,-5.961,-13.192,PA-0089
1952,user43,12-57-52-72,-5.961,-13.192,PA-0089
1953,user43,12-57-53-23,-5.961,-13.192,PA-0089
1954,user43,12-57-53-73,-5.961,-13.192,PA-0089
1955,user43,12-57-54-23,-5.961,-13.192,PA-0089
1956,user43,12-57-54-74,-5.961,-13.192,PA-0089
1957,user43,12-57-55-24,-5.961,-13.192,PA-0089
1958,user43,12-57-55-74,-5.961,-13.192,PA-0089
1959,user43,12-57-56-25,-5.961,-13.192,PA-0089
1960,user43,12-57-56-75,-5.961,-13.192,PA-0089
1961,user43,12-57-57-25,-5.961,-13.192,PA-0089
1962,user43,12-57-57-76,-5.961,-13.192,PA-0089
1963,user43,12-57-58-26,-5.961,-13.192,PA-0089
1964,user43,12-57-58-76,-5.961,-13.192,PA-0089
1965,user43,12-57-59-26,-5.961,-13.192,PA-0089
1966,user43,12-57-59-77,-5.961,-13.192,PA-0089
1967,user43,12-58-00-27,-5.961,-13.192,PA-0089
1968,user43,12-58-00-78,-5.961,-13.192,PA-0089
1969,user43,12-58-01-28,-5.961,-13.192,PA-0089
1970,user43,12-58-01-78,-5.961,-13.192,PA-0089
1971,user43,12-58-02-28,-5.961,-13.192,PA-0089
1972,user43,12-58-02-79,-5.961,-13.192,PA-0089
1973,user43,12-58-03-30,-5.961,-13.192,PA-0089
1974,user43,12-58-03-80,-5.961,-13.192,PA-0089
1975,user43,12-58-04-30,-5.961,-13.192,PA-0089
1976,user43,12-58-04-81,-5.961,-13.192,PA-0089
1977,user43,12-58-05-31,-5.961,-13.192,PA-0089
1978,user43,12-58-05-82,-5.961,-13.192,PA-0089
1979,user43,12-58-06-32,-5.961,-13.192,PA-0089
1980,user43,12-58-06-82,-5.961,-13.192,PA-0089
1981,user43,12-58-07-33,-5.961,-13.192,PA-0089
1982,user43,12-58-07-83,-5.961,-13.192,PA-0089
1983,user43,12-58-08-33,-5.961,-13.192,PA-0089
1984,user43,12-58-08-83,-5.961,-13.192,PA-0089
1985,user43,12-58-09-34,-5.961,-13.192,PA-0089
1986,user43,12-58-09-84,-5.961,-13.192,PA-0089
1987,user43,12-58-10-35,-5.961,-13.192,PA-0089
1988,user43,12-58-10-86,-5.961,-13.192,PA-0089
1989,user43,12-58-11-36,-5.961,-13.192,PA-0089
1990,user43,12-58-11-86,-5.961,-13.192,PA-0089
1991,user43,12-58-12-37,-5.961,-13.192,PA-0089
1992,user43,12-58-12-87,-5.961,-13.192,PA-0089
1993,user43,12-58-13-37,-5.961,-13.192,PA-0089
1994,user43,12-58-13-88,-5.961,-13.192,PA-0089
1995,user43,12-58-14-38,-5.961,-13.192,PA-0089
1996,user43,12-58-14-89,-5.961,-13.192,PA-0089
1997,user43,12-58-15-39,-5.961,-13.192,PA-0089
1998,user43,12-58-15-89,-5.961,-13.192,PA-0089
1999,user43,12-58-16-40,-5.961,-13.192,PA-0089
2000,user43,12-58-16-90,-5.961,-13.192,PA-0089
2001,user43,12-58-17-41,-5.961,-13.192,PA-0089
2002,user43,12-58-17-92,-5.961,-13.192,PA-0089
2003,user43,12-58-18-42,-5.961,-13.192,PA-0089
2004,user43,12-58-18-92,-5.961,-13.192,PA-0089
2005,user43,12-58-19-43,-5.961,-13.192,PA-0089
2006,user43,12-58-19-93,-5.961,-13.192,PA-0089
2007,user43,12-58-20-44,-5.961,-13.192,PA-0089
2008,user43,12-58-20-94,-5.961,-13.192,PA-0089
2009,user43,12-58-21-44,-5.961,-13.192,PA-0089
2010,user43,12-58-21-95,-5.961,-13.192,PA-0089
2011,user43,12-58-22-45,-5.961,-13.192,PA-0089
2012,user43,12-58-22-96,-5.961,-13.192,PA-0089
2013,user43,12-58-23-46,-5.961,-13.192,PA-0089
2014,user43,12-58-23-97,-5.961,-13.192,PA-0089
2015,user43,12-58-24-47,-5.961,-13.192,PA-0089
2016,user43,12-58-24-98,-5.961,-13.192,PA-0089
2017,user43,12-58-25-48,-5.961,-13.192,PA-0089
2018,user43,12-58-25-98,-5.961,-13.192,PA-0089
2019,user43,12-58-26-49,-5.961,-13.192,PA-0089
2020,user43,12-58-26-99,-5.961,-13.192,PA-0089
2021,user43,12-58-27-49,-5.961,-13.192,PA-0089

