row,id,time,position_x,position_z,looking_at
1,user55,19-10-10-51,0,0,PA-0027
2,user55,19-10-12-55,0,0,PA-0027
3,user55,19-10-13-07,0,0,PA-0027
4,user55,19-10-13-58,0,0,PA-0027
5,user55,19-10-14-10,0,0,PA-0027
6,user55,19-10-14-62,0,0,PA-0027
7,user55,19-10-15-13,0,0,PA-0027
8,user55,19-10-15-63,0,0,PA-0027
9,user55,19-10-16-15,0,0,PA-0027
10,user55,19-10-16-65,0,0,PA-0027
11,user55,19-10-17-17,0,0,PA-0027
12,user55,19-10-17-67,0,0,PA-0027
13,user55,19-10-18-18,0,0,PA-0027
14,user55,19-10-18-69,0,0,PA-0027
15,user55,19-10-19-20,0,0,PA-0027
16,user55,19-10-19-72,0,0,PA-0027
17,user55,19-10-20-23,0,0,PA-0027
18,user55,19-10-20-73,0,0,PA-0027
19,user55,19-10-21-25,0,0,PA-0027
20,user55,19-10-21-77,0,0,PA-0027
21,user55,19-10-22-29,0,0,PA-0027
22,user55,19-10-22-80,0,0,PA-0027
23,user55,19-10-23-30,0,0,PA-0027
24,user55,19-10-23-82,0,0,PA-0027
25,user55,19-10-24-33,0,0,PA-0027
26,user55,19-10-24-85,0,0,PA-0027
27,user55,19-10-25-37,0,0,PA-0027
28,user55,19-10-25-89,0,0,PA-0027
29,user55,19-10-26-40,0.45,0,PA-0027
30,user55,19-10-26-90,0.45,0,PA-0027
31,user55,19-10-27-42,0.45,0,none
32,user55,19-10-27-92,0.45,0,none
33,user55,19-10-28-43,0.45,0,none
34,user55,19-10-28-95,0.45,0,none
35,user55,19-10-29-47,0.45,0,none
36,user55,19-10-29-97,0.45,0,none
37,user55,19-10-30-48,0.45,0,none
38,user55,19-10-31-00,0.45,0,none
39,user55,19-10-31-52,0.45,0,none
40,user55,19-10-32-02,0.45,0,none
41,user55,19-10-32-53,0.45,0,none
42,user55,19-10-33-05,0.45,0,none
43,user55,19-10-33-57,0.45,0,none
44,user55,19-10-34-07,0.45,0,none
45,user55,19-10-34-57,0.45,0,none
46,user55,19-10-35-07,0.45,0,none
47,user55,19-10-35-59,0.473,-1.3,none
48,user55,19-10-36-10,0.5,-2.85,none
49,user55,19-10-36-62,0.914,-4.269,none
50,user55,19-10-37-13,1.059,-5.854,PA-0023
51,user55,19-10-37-64,1.742,-6.289,PA-0023
52,user55,19-10-38-15,2.112,-6.723,PA-0023
53,user55,19-10-38-67,1.744,-7.044,PA-0023
54,user55,19-10-39-17,1.744,-7.044,PA-0023
55,user55,19-10-39-68,1.744,-7.044,PA-0023
56,user55,19-10-40-19,1.744,-7.044,PA-0023
57,user55,19-10-40-70,1.744,-7.044,PA-0023
58,user55,19-10-41-22,1.744,-7.044,PA-0023
59,user55,19-10-41-73,1.744,-7.044,PA-0023
60,user55,19-10-42-25,1.744,-7.044,PA-0023
61,user55,19-10-42-75,1.744,-7.044,PA-0023
62,user55,19-10-43-27,1.744,-7.044,PA-0023
63,user55,19-10-43-77,1.744,-7.044,PA-0023
64,user55,19-10-44-27,1.744,-7.044,PA-0023
65,user55,19-10-44-77,1.744,-7.044,PA-0023
66,user55,19-10-45-29,1.744,-7.044,PA-0023
67,user55,19-10-45-80,1.744,-7.044,PA-0023
68,user55,19-10-46-32,1.744,-7.044,PA-0023
69,user55,19-10-46-82,1.744,-7.044,PA-0023
70,user55,19-10-47-34,1.744,-7.044,PA-0023
71,user55,19-10-47-85,1.744,-7.044,PA-0023
72,user55,19-10-48-37,1.744,-7.044,PA-0023
73,user55,19-10-48-89,1.744,-7.044,PA-0023
74,user55,19-10-49-40,1.744,-7.044,PA-0023
75,user55,19-10-49-92,1.744,-7.044,PA-0023
76,user55,19-10-50-43,1.744,-7.044,PA-0023
77,user55,19-10-50-93,1.744,-7.044,PA-0023
78,user55,19-10-51-44,1.744,-7.044,PA-0023
79,user55,19-10-51-94,1.744,-7.044,PA-0023
80,user55,19-10-52-45,1.744,-7.044,PA-0023
81,user55,19-10-52-97,1.744,-7.044,PA-0023
82,user55,19-10-53-49,1.744,-7.044,PA-0023
83,user55,19-10-54-00,2.317,-6.738,none
84,user55,19-10-54-52,3.643,-6.557,PA-0026
85,user55,19-10-55-03,4.323,-7.866,PA-0026
86,user55,19-10-55-55,4.842,-7.87,PA-0026
87,user55,19-10-56-05,5.342,-7.876,PA-0026
88,user55,19-10-56-57,5.692,-7.856,PA-0026
89,user55,19-10-57-08,5.692,-7.856,PA-0026
90,user55,19-10-57-59,5.692,-7.856,PA-0026
91,user55,19-10-58-09,5.692,-7.856,PA-0026
92,user55,19-10-58-60,5.692,-7.856,PA-0026
93,user55,19-10-59-12,5.692,-7.856,PA-0026
94,user55,19-10-59-63,5.692,-7.856,PA-0026
95,user55,19-11-00-13,5.692,-7.856,PA-0026
96,user55,19-11-00-65,5.692,-7.856,PA-0026
97,user55,19-11-01-17,5.692,-7.856,PA-0026
98,user55,19-11-01-67,5.692,-7.856,PA-0026
99,user55,19-11-02-18,5.692,-7.856,PA-0026
100,user55,19-11-02-69,5.692,-7.856,PA-0026
101,user55,19-11-03-19,5.692,-7.856,PA-0026
102,user55,19-11-03-70,5.692,-7.856,PA-0026
103,user55,19-11-04-20,5.692,-7.856,PA-0026
104,user55,19-11-04-72,5.692,-7.856,PA-0026
105,user55,19-11-05-23,5.692,-7.856,PA-0026
106,user55,19-11-05-75,5.692,-7.856,PA-0026
107,user55,19-11-06-25,5.692,-7.856,PA-0026
108,user55,19-11-06-77,5.692,-7.856,PA-0026
109,user55,19-11-07-27,5.692,-7.856,PA-0026
110,user55,19-11-07-78,5.692,-7.856,PA-0026
111,user55,19-11-08-28,5.692,-7.856,PA-0026
112,user55,19-11-08-79,5.692,-7.856,PA-0026
113,user55,19-11-09-30,5.692,-7.856,PA-0026
114,user55,19-11-09-80,5.692,-7.856,PA-0026
115,user55,19-11-10-32,5.692,-7.856,PA-0026
116,user55,19-11-10-83,5.692,-7.856,PA-0026
117,user55,19-11-11-35,5.692,-7.856,PA-0026
118,user55,19-11-11-87,5.692,-7.856,PA-0026
119,user55,19-11-12-37,5.692,-7.856,PA-0026
120,user55,19-11-12-88,5.692,-7.856,PA-0026
121,user55,19-11-13-40,5.692,-7.856,PA-0026
122,user55,19-11-13-92,5.692,-7.856,PA-0026
123,user55,19-11-14-42,5.142,-7.844,PA-0026
124,user55,19-11-14-94,4.842,-7.838,none
125,user55,19-11-15-45,4.842,-7.838,none
126,user55,19-11-15-97,4.842,-7.838,none
127,user55,19-11-16-48,4.842,-7.838,none
128,user55,19-11-16-99,4.842,-7.838,none
129,user55,19-11-17-50,4.842,-7.838,none
130,user55,19-11-18-02,4.417,-7.222,none
131,user55,19-11-18-54,5.474,-6.47,none
132,user55,19-11-19-05,5.736,-4.991,none
133,user55,19-11-19-56,5.552,-3.508,PA-0089
134,user55,19-11-20-07,4.975,-2.076,PA-0089
135,user55,19-11-20-58,4.623,-0.709,PA-0089
136,user55,19-11-21-09,4.623,-0.709,PA-0089
137,user55,19-11-21-60,4.623,-0.709,PA-0089
138,user55,19-11-22-12,4.623,-0.709,PA-0089
139,user55,19-11-22-62,4.623,-0.709,PA-0089
140,user55,19-11-23-12,4.623,-0.709,PA-0089
141,user55,19-11-23-63,4.623,-0.709,PA-0089
142,user55,19-11-24-13,4.623,-0.709,PA-0089
143,user55,19-11-24-65,4.623,-0.709,PA-0089
144,user55,19-11-25-15,4.623,-0.709,PA-0089
145,user55,19-11-25-67,4.623,-0.709,PA-0089
146,user55,19-11-26-18,4.623,-0.709,PA-0089
147,user55,19-11-26-70,4.623,-0.709,PA-0089
148,user55,19-11-27-20,4.623,-0.709,PA-0089
149,user55,19-11-27-72,4.623,-0.709,PA-0089
150,user55,19-11-28-22,4.626,-0.959,PA-0089
151,user55,19-11-28-72,4.627,-1.059,PA-0089
152,user55,19-11-29-23,4.627,-1.059,PA-0089
153,user55,19-11-29-75,4.627,-1.059,PA-0089
154,user55,19-11-30-27,4.627,-1.059,PA-0089
155,user55,19-11-30-77,4.627,-1.059,PA-0089
156,user55,19-11-31-28,4.627,-1.059,PA-0089
157,user55,19-11-31-80,4.627,-1.059,PA-0089
158,user55,19-11-32-30,4.627,-1.059,PA-0089
159,user55,19-11-32-82,4.627,-1.059,PA-0089
160,user55,19-11-33-34,4.627,-1.059,PA-0089
161,user55,19-11-33-85,4.627,-1.059,PA-0089
162,user55,19-11-34-37,4.328,-1.04,PA-0089
163,user55,19-11-34-87,4.028,-1.02,PA-0089
164,user55,19-11-35-38,4.028,-1.02,PA-0089
165,user55,19-11-35-89,4.028,-1.02,PA-0089
166,user55,19-11-36-40,4.028,-1.02,PA-0089
167,user55,19-11-36-90,4.028,-1.02,PA-0089
168,user55,19-11-37-42,4.028,-1.02,PA-0089
169,user55,19-11-37-92,4.028,-1.02,PA-0089
170,user55,19-11-38-42,4.028,-1.02,PA-0089
171,user55,19-11-38-93,4.028,-1.02,PA-0089
172,user55,19-11-39-45,4.028,-1.02,PA-0089
173,user55,19-11-39-97,4.028,-1.02,PA-0089
174,user55,19-11-40-48,4.028,-1.02,PA-0089
175,user55,19-11-41-00,4.028,-1.02,PA-0089
176,user55,19-11-41-50,4.028,-1.02,PA-0089
177,user55,19-11-42-02,4.028,-1.02,PA-0089
178,user55,19-11-42-53,4.028,-1.02,PA-0089
179,user55,19-11-43-05,4.028,-1.02,PA-0089
180,user55,19-11-43-57,4.028,-1.02,PA-0089
181,user55,19-11-44-08,4.028,-1.02,PA-0089
182,user55,19-11-44-60,4.028,-1.02,PA-0089
183,user55,19-11-45-12,4.028,-1.02,PA-0089
184,user55,19-11-45-63,4.028,-1.02,PA-0089
185,user55,19-11-46-13,4.028,-1.02,PA-0089
186,user55,19-11-46-65,4.028,-1.02,PA-0089
187,user55,19-11-47-17,4.045,-0.821,PA-0089
188,user55,19-11-47-67,5.006,-0.233,none
189,user55,19-11-48-19,5.23,-0.425,PA-0090
190,user55,19-11-48-70,5.076,0.308,PA-0090
191,user55,19-11-49-22,3.901,0.645,PA-0090
192,user55,19-11-49-73,3.884,0.895,PA-0090
193,user55,19-11-50-25,3.923,1.343,PA-0090
194,user55,19-11-50-77,3.954,1.692,PA-0090
195,user55,19-11-51-27,4.225,1.919,PA-0090
196,user55,19-11-51-78,4.225,1.919,PA-0090
197,user55,19-11-52-30,4.283,1.523,PA-0090
198,user55,19-11-52-82,4.283,1.523,PA-0090
199,user55,19-11-53-33,4.283,1.523,PA-0090
200,user55,19-11-53-83,4.283,1.523,PA-0090
201,user55,19-11-54-35,4.283,1.523,PA-0090
202,user55,19-11-54-85,4.283,1.523,PA-0090
203,user55,19-11-55-37,4.283,1.523,PA-0090
204,user55,19-11-55-87,4.283,1.523,PA-0090
205,user55,19-11-56-38,4.283,1.523,PA-0090
206,user55,19-11-56-90,4.283,1.523,PA-0090
207,user55,19-11-57-42,4.283,1.523,PA-0090
208,user55,19-11-57-93,4.283,1.523,PA-0090
209,user55,19-11-58-45,4.283,1.523,PA-0090
210,user55,19-11-58-97,4.283,1.523,PA-0090
211,user55,19-11-59-47,4.283,1.523,PA-0090
212,user55,19-11-59-98,4.283,1.523,PA-0090
213,user55,19-12-00-49,4.283,1.523,PA-0090
214,user55,19-12-01-00,4.283,1.523,PA-0090
215,user55,19-12-01-52,4.283,1.523,PA-0090
216,user55,19-12-02-03,4.35,0.826,PA-0090
217,user55,19-12-02-53,4.405,0.229,PA-0090
218,user55,19-12-03-03,4.405,0.229,PA-0090
219,user55,19-12-03-55,4.405,0.229,PA-0090
220,user55,19-12-04-05,4.405,0.229,PA-0090
221,user55,19-12-04-57,4.349,0.977,PA-0090
222,user55,19-12-05-09,4.349,0.977,PA-0090
223,user55,19-12-05-60,4.349,0.977,PA-0090
224,user55,19-12-06-12,4.412,0.129,PA-0090
225,user55,19-12-06-63,4.42,0.029,PA-0090
226,user55,19-12-07-15,4.42,0.029,PA-0090
227,user55,19-12-07-65,4.42,0.029,none
228,user55,19-12-08-17,4.42,0.03,none
229,user55,19-12-08-67,5.409,0.164,none
230,user55,19-12-09-19,6.736,0.133,KO-0005
231,user55,19-12-09-69,8.003,-0.252,KO-0005
232,user55,19-12-10-20,8.003,-0.252,KO-0005
233,user55,19-12-10-70,8.003,-0.252,KO-0005
234,user55,19-12-11-20,8.003,-0.252,KO-0005
235,user55,19-12-11-72,8.003,-0.252,KO-0005
236,user55,19-12-12-22,8.003,-0.252,KO-0005
237,user55,19-12-12-74,8.003,-0.252,KO-0005
238,user55,19-12-13-25,8.003,-0.252,KO-0005
239,user55,19-12-13-75,8.003,-0.252,KO-0005
240,user55,19-12-14-27,8.003,-0.252,KO-0005
241,user55,19-12-14-78,8.003,-0.252,KO-0005
242,user55,19-12-15-30,8.003,-0.252,KO-0005
243,user55,19-12-15-82,8.003,-0.252,KO-0005
244,user55,19-12-16-33,8.003,-0.252,KO-0005
245,user55,19-12-16-85,8.003,-0.252,KO-0005
246,user55,19-12-17-37,8.003,-0.252,KO-0005
247,user55,19-12-17-88,8.003,-0.252,KO-0005
248,user55,19-12-18-40,8.003,-0.252,KO-0005
249,user55,19-12-18-92,8.003,-0.252,KO-0005
250,user55,19-12-19-43,8.003,-0.252,KO-0005
251,user55,19-12-19-93,8.003,-0.252,KO-0005
252,user55,19-12-20-45,8.003,-0.252,KO-0005
253,user55,19-12-20-95,8.003,-0.252,KO-0005
254,user55,19-12-21-47,8.003,-0.252,KO-0005
255,user55,19-12-21-97,8.003,-0.252,KO-0005
256,user55,19-12-22-49,8.003,-0.252,KO-0005
257,user55,19-12-23-00,8.003,-0.252,KO-0005
258,user55,19-12-23-52,8.003,-0.252,KO-0005
259,user55,19-12-24-03,8.003,-0.252,KO-0005
260,user55,19-12-24-54,8.003,-0.252,KO-0005
261,user55,19-12-25-05,8.003,-0.252,KO-0005
262,user55,19-12-25-55,8.003,-0.252,KO-0005
263,user55,19-12-26-07,8.003,-0.252,KO-0005
264,user55,19-12-26-58,8.003,-0.252,KO-0005
265,user55,19-12-27-10,8.947,-0.356,PA-0031
266,user55,19-12-27-60,10.418,-0.426,KO-0004
267,user55,19-12-28-12,10.587,0.849,KO-0004
268,user55,19-12-28-62,11.084,0.799,KO-0004
269,user55,19-12-29-13,11.084,0.799,KO-0004
270,user55,19-12-29-65,11.084,0.799,KO-0004
271,user55,19-12-30-15,11.084,0.799,KO-0004
272,user55,19-12-30-67,11.084,0.799,KO-0004
273,user55,19-12-31-17,11.084,0.799,KO-0004
274,user55,19-12-31-68,11.084,0.799,KO-0004
275,user55,19-12-32-20,11.084,0.799,KO-0004
276,user55,19-12-32-72,11.084,0.799,KO-0004
277,user55,19-12-33-23,11.084,0.799,KO-0004
278,user55,19-12-33-75,11.084,0.799,KO-0004
279,user55,19-12-34-27,11.084,0.799,KO-0004
280,user55,19-12-34-78,11.084,0.799,KO-0004
281,user55,19-12-35-29,11.084,0.799,KO-0004
282,user55,19-12-35-80,11.084,0.799,KO-0004
283,user55,19-12-36-30,11.084,0.799,KO-0004
284,user55,19-12-36-82,11.084,0.799,KO-0004
285,user55,19-12-37-32,11.084,0.799,KO-0004
286,user55,19-12-37-83,11.084,0.799,KO-0004
287,user55,19-12-38-35,11.084,0.799,KO-0004
288,user55,19-12-38-87,11.084,0.799,KO-0004
289,user55,19-12-39-38,11.084,0.799,KO-0004
290,user55,19-12-39-89,11.084,0.799,KO-0004
291,user55,19-12-40-40,12.207,0.377,none
292,user55,19-12-40-92,13.655,-0.177,KO-0006
293,user55,19-12-41-43,14.263,0.67,KO-0006
294,user55,19-12-41-95,14.897,0.327,KO-0006
295,user55,19-12-42-45,14.566,0.099,KO-0006
296,user55,19-12-42-97,14.566,0.099,KO-0006
297,user55,19-12-43-49,14.566,0.099,KO-0006
298,user55,19-12-44-00,14.566,0.099,KO-0006
299,user55,19-12-44-50,14.566,0.099,KO-0006
300,user55,19-12-45-00,14.566,0.099,KO-0006
301,user55,19-12-45-52,14.566,0.099,KO-0006
302,user55,19-12-46-02,14.566,0.099,KO-0006
303,user55,19-12-46-52,14.566,0.099,KO-0006
304,user55,19-12-47-03,14.566,0.099,KO-0006
305,user55,19-12-47-53,14.566,0.099,KO-0006
306,user55,19-12-48-04,14.566,0.099,KO-0006
307,user55,19-12-48-55,14.566,0.099,KO-0006
308,user55,19-12-49-07,14.566,0.099,KO-0006
309,user55,19-12-49-58,14.566,0.099,KO-0006
310,user55,19-12-50-08,14.566,0.099,KO-0006
311,user55,19-12-50-60,14.566,0.099,KO-0006
312,user55,19-12-51-12,14.566,0.099,KO-0006
313,user55,19-12-51-64,14.566,0.099,KO-0006
314,user55,19-12-52-15,14.566,0.099,KO-0006
315,user55,19-12-52-67,14.566,0.099,KO-0006
316,user55,19-12-53-18,14.566,0.099,KO-0006
317,user55,19-12-53-69,14.566,0.099,KO-0006
318,user55,19-12-54-20,14.732,1.085,KO-0006
319,user55,19-12-54-72,14.776,1.633,KO-0006
320,user55,19-12-55-23,14.782,1.733,KO-0006
321,user55,19-12-55-73,14.776,0.383,KO-0006
322,user55,19-12-56-24,14.787,0.234,KO-0006
323,user55,19-12-56-75,14.787,0.234,KO-0006
324,user55,19-12-57-27,14.787,0.234,KO-0006
325,user55,19-12-57-77,14.787,0.234,KO-0006
326,user55,19-12-58-27,14.787,0.234,KO-0006
327,user55,19-12-58-79,14.787,0.234,KO-0006
328,user55,19-12-59-30,14.787,0.234,KO-0006
329,user55,19-12-59-80,14.787,0.234,KO-0006
330,user55,19-13-00-32,14.787,0.234,KO-0006
331,user55,19-13-00-83,14.787,0.234,KO-0006
332,user55,19-13-01-33,14.787,0.234,KO-0006
333,user55,19-13-01-85,14.787,0.234,KO-0006
334,user55,19-13-02-35,14.787,0.234,KO-0006
335,user55,19-13-02-87,14.787,0.234,KO-0006
336,user55,19-13-03-38,14.787,0.234,KO-0006
337,user55,19-13-03-90,14.787,0.234,KO-0006
338,user55,19-13-04-40,14.787,0.234,KO-0006
339,user55,19-13-04-92,14.787,0.234,KO-0006
340,user55,19-13-05-43,14.787,0.234,KO-0006
341,user55,19-13-05-95,14.787,0.234,KO-0006
342,user55,19-13-06-45,14.787,0.234,KO-0004
343,user55,19-13-06-97,14.787,0.234,none
344,user55,19-13-07-47,14.787,0.234,KO-0004
345,user55,19-13-07-98,14.787,0.234,KO-0006
346,user55,19-13-08-49,14.787,0.234,KO-0006
347,user55,19-13-09-00,14.787,0.234,KO-0006
348,user55,19-13-09-52,14.787,0.234,KO-0006
349,user55,19-13-10-03,14.787,0.234,KO-0006
350,user55,19-13-10-53,14.787,0.234,KO-0006
351,user55,19-13-11-05,14.787,0.234,KO-0006
352,user55,19-13-11-55,14.787,0.234,KO-0006
353,user55,19-13-12-06,14.787,0.234,PA-0003
354,user55,19-13-12-57,14.787,0.234,KO-0007
355,user55,19-13-13-08,14.787,0.234,none
356,user55,19-13-13-59,14.787,0.234,none
357,user55,19-13-14-10,14.787,0.234,KO-0007
358,user55,19-13-14-60,15.11,-0.536,KO-0007
359,user55,19-13-15-10,16.597,-0.732,KO-0007
360,user55,19-13-15-62,16.641,-1.192,KO-0007
361,user55,19-13-16-13,17.036,-1.127,KO-0007
362,user55,19-13-16-65,17.233,-1.095,KO-0007
363,user55,19-13-17-17,17.233,-1.095,KO-0007
364,user55,19-13-17-69,17.233,-1.095,KO-0007
365,user55,19-13-18-20,17.233,-1.095,KO-0007
366,user55,19-13-18-74,17.233,-1.095,KO-0007
367,user55,19-13-19-25,17.233,-1.095,KO-0007
368,user55,19-13-19-77,17.233,-1.095,KO-0007
369,user55,19-13-20-28,17.233,-1.095,KO-0007
370,user55,19-13-20-79,17.781,-1.053,KO-0007
371,user55,19-13-21-30,17.831,-1.05,KO-0007
372,user55,19-13-21-82,17.831,-1.05,KO-0007
373,user55,19-13-22-32,17.831,-1.05,KO-0007
374,user55,19-13-22-82,17.831,-1.05,KO-0007
375,user55,19-13-23-33,17.831,-1.05,KO-0007
376,user55,19-13-23-85,17.831,-1.05,KO-0007
377,user55,19-13-24-37,17.831,-1.05,KO-0007
378,user55,19-13-24-88,17.831,-1.05,KO-0007
379,user55,19-13-25-38,17.831,-1.05,KO-0007
380,user55,19-13-25-89,17.482,-1.044,KO-0007
381,user55,19-13-26-39,17.482,-1.044,KO-0007
382,user55,19-13-26-90,17.482,-1.044,KO-0007
383,user55,19-13-27-42,17.482,-1.044,KO-0007
384,user55,19-13-27-93,17.482,-1.044,KO-0007
385,user55,19-13-28-45,17.482,-1.044,KO-0007
386,user55,19-13-28-97,17.482,-1.044,KO-0007
387,user55,19-13-29-48,17.482,-1.044,KO-0007
388,user55,19-13-30-00,17.482,-1.044,KO-0007
389,user55,19-13-30-52,17.482,-1.044,KO-0007
390,user55,19-13-31-04,17.482,-1.044,KO-0007
391,user55,19-13-31-55,17.482,-1.044,KO-0007
392,user55,19-13-32-05,17.482,-1.044,KO-0007
393,user55,19-13-32-57,17.482,-1.044,KO-0007
394,user55,19-13-33-07,17.482,-1.044,KO-0007
395,user55,19-13-33-59,17.482,-1.044,KO-0007
396,user55,19-13-34-10,17.482,-1.044,KO-0007
397,user55,19-13-34-60,17.482,-1.044,KO-0007
398,user55,19-13-35-12,17.482,-1.044,KO-0007
399,user55,19-13-35-63,17.482,-1.044,KO-0007
400,user55,19-13-36-15,17.482,-1.044,KO-0007
401,user55,19-13-36-67,17.482,-1.044,KO-0007
402,user55,19-13-37-18,17.482,-1.044,KO-0007
403,user55,19-13-37-69,17.482,-1.044,KO-0007
404,user55,19-13-38-19,17.482,-1.044,KO-0007
405,user55,19-13-38-69,17.482,-1.044,KO-0007
406,user55,19-13-39-20,17.482,-1.044,KO-0007
407,user55,19-13-39-72,17.482,-1.044,KO-0007
408,user55,19-13-40-23,17.482,-1.044,KO-0007
409,user55,19-13-40-75,17.482,-1.044,KO-0007
410,user55,19-13-41-25,17.482,-1.044,KO-0007
411,user55,19-13-41-75,17.482,-1.044,none
412,user55,19-13-42-27,17.482,-1.044,KO-0007
413,user55,19-13-42-78,17.482,-1.044,KO-0007
414,user55,19-13-43-28,17.482,-1.044,KO-0007
415,user55,19-13-43-79,17.482,-1.044,KO-0007
416,user55,19-13-44-30,17.482,-1.044,KO-0007
417,user55,19-13-44-82,17.482,-1.044,KO-0007
418,user55,19-13-45-33,17.482,-1.044,KO-0007
419,user55,19-13-45-85,17.482,-1.044,KO-0007
420,user55,19-13-46-37,17.482,-1.044,KO-0007
421,user55,19-13-46-88,17.482,-1.044,KO-0007
422,user55,19-13-47-38,17.482,-1.044,KO-0007
423,user55,19-13-47-90,17.482,-1.044,KO-0007
424,user55,19-13-48-42,17.482,-1.044,KO-0007
425,user55,19-13-48-93,17.482,-1.044,KO-0007
426,user55,19-13-49-45,17.482,-1.044,KO-0007
427,user55,19-13-49-95,17.482,-1.044,KO-0007
428,user55,19-13-50-47,17.482,-1.044,KO-0007
429,user55,19-13-50-98,17.482,-1.044,KO-0007
430,user55,19-13-51-50,17.482,-1.044,KO-0007
431,user55,19-13-52-02,17.482,-1.044,KO-0007
432,user55,19-13-52-53,17.482,-1.044,KO-0007
433,user55,19-13-53-04,17.482,-1.044,KO-0007
434,user55,19-13-53-55,17.482,-1.044,KO-0007
435,user55,19-13-54-07,17.482,-1.044,KO-0007
436,user55,19-13-54-59,17.482,-1.044,KO-0007
437,user55,19-13-55-09,17.482,-1.044,KO-0007
438,user55,19-13-55-59,17.482,-1.044,KO-0007
439,user55,19-13-56-10,17.482,-1.044,KO-0007
440,user55,19-13-56-62,17.482,-1.044,KO-0007
441,user55,19-13-57-14,17.482,-1.044,KO-0007
442,user55,19-13-57-65,17.482,-1.044,KO-0007
443,user55,19-13-58-17,17.482,-1.044,KO-0007
444,user55,19-13-58-68,17.482,-1.044,KO-0007
445,user55,19-13-59-19,17.482,-1.044,KO-0007
446,user55,19-13-59-70,17.482,-1.044,KO-0007
447,user55,19-14-00-20,17.482,-1.044,KO-0007
448,user55,19-14-00-72,17.482,-1.044,KO-0007
449,user55,19-14-01-23,17.482,-1.044,KO-0007
450,user55,19-14-01-75,17.482,-1.044,KO-0007
451,user55,19-14-02-27,17.482,-1.044,KO-0007
452,user55,19-14-02-78,17.482,-1.044,KO-0007
453,user55,19-14-03-28,17.482,-1.044,KO-0007
454,user55,19-14-03-80,17.482,-1.044,KO-0007
455,user55,19-14-04-31,17.482,-1.044,KO-0007
456,user55,19-14-04-82,17.482,-1.044,KO-0007
457,user55,19-14-05-35,17.482,-1.044,KO-0007
458,user55,19-14-05-87,17.482,-1.044,KO-0007
459,user55,19-14-06-39,17.482,-1.044,KO-0007
460,user55,19-14-06-90,17.448,-1.793,none
461,user55,19-14-07-40,17.448,-1.793,none
462,user55,19-14-07-92,17.448,-1.793,none
463,user55,19-14-08-42,17.448,-1.793,none
464,user55,19-14-08-94,16.639,-2.462,none
465,user55,19-14-09-45,15.402,-3.395,none
466,user55,19-14-09-95,14.432,-4.452,PA-0095
467,user55,19-14-10-47,13.27,-5.119,none
468,user55,19-14-10-98,12.801,-5.795,PA-0095
469,user55,19-14-11-49,12.452,-5.771,PA-0095
470,user55,19-14-12-00,12.452,-5.771,PA-0095
471,user55,19-14-12-50,12.452,-5.771,PA-0095
472,user55,19-14-13-00,12.452,-5.771,PA-0095
473,user55,19-14-13-52,12.452,-5.771,PA-0095
474,user55,19-14-14-02,12.48,-6.17,PA-0095
475,user55,19-14-14-53,12.48,-6.17,PA-0095
476,user55,19-14-15-05,12.48,-6.17,PA-0095
477,user55,19-14-15-55,12.48,-6.17,PA-0095
478,user55,19-14-16-05,12.48,-6.17,PA-0095
479,user55,19-14-16-55,12.48,-6.17,PA-0095
480,user55,19-14-17-07,12.137,-6.098,PA-0095
481,user55,19-14-17-58,12.137,-6.098,PA-0095
482,user55,19-14-18-08,12.137,-6.098,PA-0095
483,user55,19-14-18-59,12.137,-6.098,PA-0095
484,user55,19-14-19-10,12.137,-6.098,PA-0095
485,user55,19-14-19-62,12.137,-6.098,PA-0095
486,user55,19-14-20-12,12.137,-6.098,PA-0095
487,user55,19-14-20-63,12.137,-6.098,PA-0095
488,user55,19-14-21-15,12.137,-6.098,PA-0095
489,user55,19-14-21-67,12.137,-6.098,PA-0095
490,user55,19-14-22-17,12.535,-6.142,PA-0095
491,user55,19-14-22-69,12.535,-6.142,PA-0095
492,user55,19-14-23-20,12.535,-6.142,PA-0095
493,user55,19-14-23-72,12.535,-6.142,PA-0095
494,user55,19-14-24-23,12.535,-6.142,PA-0095
495,user55,19-14-24-75,12.535,-6.142,PA-0095
496,user55,19-14-25-27,12.535,-6.142,PA-0095
497,user55,19-14-25-79,12.535,-6.142,PA-0095
498,user55,19-14-26-30,12.535,-6.142,none
499,user55,19-14-26-82,12.535,-6.142,PA-0095
500,user55,19-14-27-32,12.535,-6.142,PA-0095
501,user55,19-14-27-83,13.124,-6.256,PA-0095
502,user55,19-14-28-35,12.432,-6.155,PA-0095
503,user55,19-14-28-87,12.283,-6.134,PA-0095
504,user55,19-14-29-38,12.583,-6.14,PA-0095
505,user55,19-14-29-90,12.583,-6.14,PA-0095
506,user55,19-14-30-42,12.583,-6.14,PA-0095
507,user55,19-14-30-93,12.583,-6.14,PA-0095
508,user55,19-14-31-44,12.583,-6.14,PA-0095
509,user55,19-14-31-97,12.583,-6.14,PA-0095
510,user55,19-14-32-49,12.583,-6.14,PA-0095
511,user55,19-14-32-99,12.583,-6.14,PA-0095
512,user55,19-14-33-50,12.583,-6.14,PA-0095
513,user55,19-14-34-02,12.583,-6.14,PA-0095
514,user55,19-14-34-52,12.583,-6.14,PA-0095
515,user55,19-14-35-03,12.583,-6.14,PA-0095
516,user55,19-14-35-54,12.334,-6.122,PA-0095
517,user55,19-14-36-04,11.785,-6.105,PA-0095
518,user55,19-14-36-55,11.785,-6.105,PA-0095
519,user55,19-14-37-05,12.634,-6.117,PA-0095
520,user55,19-14-37-57,12.884,-6.122,PA-0095
521,user55,19-14-38-09,12.884,-6.122,PA-0095
522,user55,19-14-38-60,12.884,-6.122,PA-0095
523,user55,19-14-39-11,12.915,-6.161,PA-0098
524,user55,19-14-39-62,13.681,-7.138,PA-0098
525,user55,19-14-40-13,12.733,-7.44,PA-0098
526,user55,19-14-40-63,12.798,-8.087,PA-0098
527,user55,19-14-41-15,12.45,-8.122,PA-0098
528,user55,19-14-41-65,12.45,-8.122,PA-0098
529,user55,19-14-42-17,12.45,-8.122,PA-0098
530,user55,19-14-42-69,12.45,-8.122,PA-0098
531,user55,19-14-43-20,12.45,-8.122,PA-0098
532,user55,19-14-43-70,12.45,-8.122,PA-0098
533,user55,19-14-44-20,12.45,-8.122,PA-0098
534,user55,19-14-44-72,12.45,-8.122,PA-0098
535,user55,19-14-45-23,12.45,-8.122,PA-0098
536,user55,19-14-45-75,12.45,-8.122,PA-0098
537,user55,19-14-46-25,12.45,-8.122,PA-0098
538,user55,19-14-46-77,12.45,-8.122,PA-0098
539,user55,19-14-47-27,12.45,-8.122,PA-0098
540,user55,19-14-47-77,12.45,-8.122,PA-0098
541,user55,19-14-48-27,12.2,-8.109,PA-0098
542,user55,19-14-48-79,12.2,-8.109,PA-0098
543,user55,19-14-49-30,12.2,-8.109,PA-0098
544,user55,19-14-49-82,12.2,-8.109,PA-0098
545,user55,19-14-50-32,12.2,-8.109,PA-0026
546,user55,19-14-50-82,12.2,-8.109,none
547,user55,19-14-51-34,12.849,-8.152,PA-0074
548,user55,19-14-51-85,12.788,-9.401,PA-0074
549,user55,19-14-52-37,12.788,-9.401,PA-0074
550,user55,19-14-52-87,12.788,-9.401,PA-0074
551,user55,19-14-53-38,12.788,-9.401,PA-0074
552,user55,19-14-53-89,12.742,-9.748,PA-0074
553,user55,19-14-54-40,12.443,-9.727,PA-0074
554,user55,19-14-54-90,12.616,-9.413,PA-0074
555,user55,19-14-55-42,12.815,-9.398,PA-0074
556,user55,19-14-55-92,12.815,-9.398,PA-0074
557,user55,19-14-56-43,12.815,-9.398,PA-0074
558,user55,19-14-56-95,12.815,-9.398,PA-0074
559,user55,19-14-57-45,12.815,-9.398,PA-0074
560,user55,19-14-57-97,12.815,-9.398,PA-0074
561,user55,19-14-58-49,12.815,-9.398,PA-0074
562,user55,19-14-59-00,12.815,-9.398,PA-0074
563,user55,19-14-59-52,12.815,-9.398,PA-0074
564,user55,19-15-00-03,12.815,-9.398,PA-0074
565,user55,19-15-00-55,12.815,-9.398,PA-0074
566,user55,19-15-01-07,12.815,-9.398,PA-0074
567,user55,19-15-01-57,12.815,-9.398,PA-0074
568,user55,19-15-02-09,12.815,-9.398,PA-0074
569,user55,19-15-02-60,12.815,-9.398,PA-0074
570,user55,19-15-03-12,12.815,-9.398,PA-0074
571,user55,19-15-03-63,12.815,-9.398,PA-0074
572,user55,19-15-04-15,12.815,-9.398,PA-0074
573,user55,19-15-04-67,12.815,-9.398,PA-0074
574,user55,19-15-05-19,12.815,-9.398,PA-0074
575,user55,19-15-05-70,12.815,-9.398,PA-0074
576,user55,19-15-06-20,12.815,-9.398,PA-0074
577,user55,19-15-06-72,12.815,-9.398,PA-0074
578,user55,19-15-07-22,12.815,-9.398,PA-0074
579,user55,19-15-07-72,12.815,-9.398,PA-0074
580,user55,19-15-08-23,12.815,-9.398,PA-0074
581,user55,19-15-08-75,12.815,-9.398,PA-0074
582,user55,19-15-09-27,12.815,-9.398,PA-0074
583,user55,19-15-09-79,12.815,-9.398,PA-0074
584,user55,19-15-10-30,12.815,-9.398,PA-0074
585,user55,19-15-10-82,13.319,-9.074,none
586,user55,19-15-11-32,13.965,-8.997,PA-0075
587,user55,19-15-11-82,13.932,-9.345,PA-0075
588,user55,19-15-12-33,13.932,-9.345,PA-0075
589,user55,19-15-12-84,13.932,-9.345,PA-0075
590,user55,19-15-13-35,13.994,-9.791,PA-0075
591,user55,19-15-13-87,13.971,-9.441,PA-0075
592,user55,19-15-14-38,13.971,-9.441,PA-0075
593,user55,19-15-14-89,13.971,-9.441,PA-0075
594,user55,19-15-15-40,13.971,-9.441,PA-0075
595,user55,19-15-15-91,13.971,-9.441,PA-0075
596,user55,19-15-16-42,13.971,-9.441,PA-0075
597,user55,19-15-16-94,13.971,-9.441,PA-0075
598,user55,19-15-17-45,13.971,-9.441,PA-0075
599,user55,19-15-17-97,13.971,-9.441,PA-0075
600,user55,19-15-18-48,13.971,-9.441,PA-0075
601,user55,19-15-18-99,13.971,-9.441,PA-0075
602,user55,19-15-19-50,13.971,-9.441,PA-0075
603,user55,19-15-20-00,13.971,-9.441,PA-0075
604,user55,19-15-20-52,13.971,-9.441,PA-0075
605,user55,19-15-21-02,13.971,-9.441,PA-0075
606,user55,19-15-21-53,13.971,-9.441,PA-0075
607,user55,19-15-22-03,13.971,-9.441,PA-0075
608,user55,19-15-22-55,13.971,-9.441,PA-0075
609,user55,19-15-23-07,13.971,-9.441,PA-0075
610,user55,19-15-23-57,13.971,-9.441,PA-0075
611,user55,19-15-24-08,14.93,-9.528,none
612,user55,19-15-24-60,15.39,-9.644,PA-0077
613,user55,19-15-25-10,15.704,-9.822,PA-0077
614,user55,19-15-25-60,15.754,-9.818,PA-0077
615,user55,19-15-26-12,16.118,-10.043,PA-0077
616,user55,19-15-26-63,15.872,-9.998,PA-0077
617,user55,19-15-27-15,15.872,-9.998,PA-0077
618,user55,19-15-27-65,15.872,-9.998,PA-0077
619,user55,19-15-28-17,15.863,-10.147,PA-0077
620,user55,19-15-28-67,15.853,-10.297,PA-0077
621,user55,19-15-29-19,15.853,-10.297,PA-0077
622,user55,19-15-29-69,15.853,-10.297,PA-0077
623,user55,19-15-30-20,15.853,-10.297,PA-0077
624,user55,19-15-30-70,15.853,-10.297,PA-0077
625,user55,19-15-31-22,15.853,-10.297,PA-0077
626,user55,19-15-31-72,15.853,-10.297,PA-0077
627,user55,19-15-32-24,15.853,-10.297,PA-0077
628,user55,19-15-32-75,15.853,-10.297,PA-0077
629,user55,19-15-33-25,15.853,-10.297,PA-0077
630,user55,19-15-33-77,15.853,-10.297,PA-0077
631,user55,19-15-34-27,15.853,-10.297,PA-0077
632,user55,19-15-34-79,15.853,-10.297,PA-0077
633,user55,19-15-35-30,15.853,-10.297,PA-0077
634,user55,19-15-35-82,15.853,-10.297,PA-0077
635,user55,19-15-36-32,15.853,-10.297,PA-0077
636,user55,19-15-36-83,15.853,-10.297,PA-0077
637,user55,19-15-37-35,15.853,-10.297,PA-0077
638,user55,19-15-37-87,15.853,-10.297,PA-0077
639,user55,19-15-38-37,15.853,-10.297,PA-0077
640,user55,19-15-38-89,15.853,-10.297,PA-0077
641,user55,19-15-39-40,15.853,-10.297,PA-0077
642,user55,19-15-39-92,15.853,-10.297,PA-0077
643,user55,19-15-40-43,15.853,-10.297,PA-0077
644,user55,19-15-40-95,15.853,-10.297,PA-0077
645,user55,19-15-41-45,15.853,-10.297,PA-0077
646,user55,19-15-41-97,15.853,-10.297,PA-0077
647,user55,19-15-42-49,15.853,-10.297,PA-0077
648,user55,19-15-43-00,15.853,-10.297,PA-0077
649,user55,19-15-43-50,15.853,-10.297,PA-0077
650,user55,19-15-44-02,15.853,-10.297,PA-0077
651,user55,19-15-44-52,15.853,-10.297,PA-0077
652,user55,19-15-45-03,15.853,-10.297,PA-0077
653,user55,19-15-45-55,15.856,-10.097,PA-0077
654,user55,19-15-46-05,15.858,-9.048,none
655,user55,19-15-46-57,15.858,-9.048,PA-0101
656,user55,19-15-47-07,15.907,-9.059,PA-0101
657,user55,19-15-47-57,17.337,-9.097,KO-0008
658,user55,19-15-48-09,18.298,-9.955,KO-0010
659,user55,19-15-48-59,18.971,-9.928,KO-0010
660,user55,19-15-49-10,18.941,-9.529,KO-0010
661,user55,19-15-49-62,18.941,-9.529,KO-0010
662,user55,19-15-50-12,19.14,-9.514,KO-0010
663,user55,19-15-50-64,19.14,-9.514,KO-0010
664,user55,19-15-51-15,19.14,-9.514,KO-0010
665,user55,19-15-51-67,19.14,-9.514,KO-0010
666,user55,19-15-52-19,19.14,-9.514,KO-0010
667,user55,19-15-52-70,19.14,-9.514,KO-0010
668,user55,19-15-53-22,19.14,-9.514,KO-0010
669,user55,19-15-53-73,19.14,-9.514,KO-0010
670,user55,19-15-54-25,19.14,-9.514,KO-0010
671,user55,19-15-54-75,19.14,-9.514,KO-0010
672,user55,19-15-55-27,19.14,-9.514,KO-0010
673,user55,19-15-55-77,19.156,-8.914,KO-0010
674,user55,19-15-56-27,19.156,-8.914,KO-0010
675,user55,19-15-56-79,19.156,-8.914,none
676,user55,19-15-57-30,19.614,-8.635,KO-0008
677,user55,19-15-57-82,19.927,-8.991,KO-0008
678,user55,19-15-58-32,20.016,-8.945,KO-0008
679,user55,19-15-58-83,21.044,-9.056,KO-0008
680,user55,19-15-59-35,21.073,-9.304,KO-0008
681,user55,19-15-59-87,21.073,-9.304,KO-0008
682,user55,19-16-00-38,21.719,-9.228,KO-0008
683,user55,19-16-00-90,21.719,-9.228,KO-0008
684,user55,19-16-01-42,21.719,-9.228,KO-0008
685,user55,19-16-01-92,21.71,-8.725,KO-0008
686,user55,19-16-02-43,23.249,-8.543,none
687,user55,19-16-02-93,23.554,-9.413,PA-0101
688,user55,19-16-03-45,24.348,-9.319,PA-0101
689,user55,19-16-03-95,24.647,-9.296,none
690,user55,19-16-04-47,24.747,-9.29,PA-0101
691,user55,19-16-04-97,24.747,-9.29,PA-0101
692,user55,19-16-05-48,24.747,-9.29,PA-0101
693,user55,19-16-05-98,24.747,-9.29,PA-0101
694,user55,19-16-06-49,24.747,-9.29,PA-0101
695,user55,19-16-06-99,24.937,-8.669,PA-0101
696,user55,19-16-07-49,23.869,-8.111,none
697,user55,19-16-08-00,22.963,-9.228,none
698,user55,19-16-08-52,23.512,-8.643,none
699,user55,19-16-09-03,23.945,-7.955,PA-0052
700,user55,19-16-09-54,23.945,-7.955,PA-0052
701,user55,19-16-10-05,23.945,-7.955,PA-0052
702,user55,19-16-10-55,23.945,-7.955,PA-0052
703,user55,19-16-11-07,23.945,-7.955,PA-0052
704,user55,19-16-11-59,23.945,-7.955,PA-0052
705,user55,19-16-12-09,23.945,-7.955,PA-0052
706,user55,19-16-12-60,23.945,-7.955,PA-0052
707,user55,19-16-13-11,23.945,-7.955,PA-0052
708,user55,19-16-13-62,23.945,-7.955,PA-0052
709,user55,19-16-14-12,23.945,-7.955,PA-0052
710,user55,19-16-14-63,23.945,-7.955,PA-0052
711,user55,19-16-15-15,23.945,-7.955,PA-0052
712,user55,19-16-15-67,23.945,-7.955,PA-0052
713,user55,19-16-16-17,23.945,-7.955,PA-0052
714,user55,19-16-16-68,23.945,-7.955,PA-0052
715,user55,19-16-17-20,23.945,-7.955,PA-0052
716,user55,19-16-17-72,23.945,-7.955,PA-0052
717,user55,19-16-18-23,23.945,-7.955,PA-0052
718,user55,19-16-18-75,23.945,-7.955,PA-0052
719,user55,19-16-19-25,23.945,-7.955,PA-0052
720,user55,19-16-19-75,23.979,-7.606,PA-0052
721,user55,19-16-20-27,24.063,-6.059,PA-0061
722,user55,19-16-20-77,24.066,-6.009,PA-0061
723,user55,19-16-21-29,24.066,-6.009,PA-0061
724,user55,19-16-21-80,24.066,-6.009,PA-0061
725,user55,19-16-22-32,24.066,-6.009,PA-0061
726,user55,19-16-22-83,24.066,-6.009,PA-0061
727,user55,19-16-23-35,24.066,-6.009,PA-0061
728,user55,19-16-23-87,24.066,-6.009,PA-0061
729,user55,19-16-24-39,24.066,-6.009,PA-0061
730,user55,19-16-24-90,24.066,-6.009,PA-0061
731,user55,19-16-25-42,24.066,-6.009,PA-0061
732,user55,19-16-25-94,24.615,-6.038,PA-0061
733,user55,19-16-26-44,25.314,-6.081,PA-0061
734,user55,19-16-26-95,24.814,-6.087,PA-0061
735,user55,19-16-27-47,24.814,-6.087,PA-0061
736,user55,19-16-27-98,24.814,-6.087,PA-0061
737,user55,19-16-28-49,24.314,-6.081,PA-0061
738,user55,19-16-29-00,24.314,-6.081,PA-0061
739,user55,19-16-29-50,23.452,-6.51,none
740,user55,19-16-30-01,24.264,-6.697,none
741,user55,19-16-30-52,24.264,-6.697,none
742,user55,19-16-31-03,24.264,-6.697,none
743,user55,19-16-31-55,24.264,-6.697,none
744,user55,19-16-32-07,24.144,-6.421,none
745,user55,19-16-32-57,23.555,-5.042,none
746,user55,19-16-33-09,23.291,-3.811,PA-0001
747,user55,19-16-33-60,23.088,-3.467,PA-0001
748,user55,19-16-34-12,23.088,-3.467,PA-0001
749,user55,19-16-34-64,23.088,-3.467,PA-0001
750,user55,19-16-35-15,22.669,-2.845,PA-0001
751,user55,19-16-35-67,22.283,-2.261,PA-0001
752,user55,19-16-36-19,23.292,-1.821,PA-0001
753,user55,19-16-36-69,23.179,-0.952,PA-0001
754,user55,19-16-37-20,23.179,-0.952,PA-0001
755,user55,19-16-37-70,23.179,-0.952,PA-0001
756,user55,19-16-38-22,23.179,-0.952,PA-0001
757,user55,19-16-38-73,23.179,-0.952,PA-0001
758,user55,19-16-39-24,23.179,-0.952,PA-0001
759,user55,19-16-39-75,23.179,-0.952,PA-0001
760,user55,19-16-40-25,23.179,-0.952,PA-0001
761,user55,19-16-40-77,23.179,-0.952,PA-0001
762,user55,19-16-41-27,23.179,-0.952,PA-0001
763,user55,19-16-41-78,23.179,-0.952,PA-0001
764,user55,19-16-42-30,23.179,-0.952,PA-0001
765,user55,19-16-42-82,23.179,-0.952,PA-0001
766,user55,19-16-43-32,23.179,-0.952,PA-0001
767,user55,19-16-43-84,23.179,-0.952,none
768,user55,19-16-44-35,23.179,-0.952,PA-0099
769,user55,19-16-44-87,22.886,-1.016,PA-0099
770,user55,19-16-45-39,21.759,-1.243,PA-0099
771,user55,19-16-45-90,21.831,-1.636,PA-0099
772,user55,19-16-46-42,21.336,-1.626,PA-0099
773,user55,19-16-46-92,21.287,-1.617,PA-0099
774,user55,19-16-47-43,21.287,-1.617,PA-0099
775,user55,19-16-47-94,21.488,-1.622,PA-0099
776,user55,19-16-48-45,21.587,-1.624,PA-0099
777,user55,19-16-48-97,21.587,-1.624,PA-0099
778,user55,19-16-49-49,21.587,-1.624,PA-0099
779,user55,19-16-49-99,21.587,-1.624,PA-0099
780,user55,19-16-50-50,21.587,-1.624,PA-0099
781,user55,19-16-51-02,21.587,-1.624,PA-0099
782,user55,19-16-51-53,21.587,-1.624,PA-0099
783,user55,19-16-52-03,21.587,-1.624,PA-0099
784,user55,19-16-52-54,21.587,-1.624,PA-0099
785,user55,19-16-53-05,21.587,-1.624,PA-0099
786,user55,19-16-53-57,21.587,-1.624,PA-0099
787,user55,19-16-54-09,21.587,-1.624,PA-0099
788,user55,19-16-54-59,22.181,-1.711,PA-0099
789,user55,19-16-55-10,22.235,-1.366,PA-0099
790,user55,19-16-55-60,22.235,-1.366,PA-0099
791,user55,19-16-56-12,22.235,-1.366,PA-0099
792,user55,19-16-56-62,22.235,-1.366,PA-0099
793,user55,19-16-57-13,22.235,-1.366,PA-0099
794,user55,19-16-57-65,22.235,-1.366,PA-0099
795,user55,19-16-58-17,22.235,-1.366,PA-0099
796,user55,19-16-58-67,22.231,-0.566,KO-0007
797,user55,19-16-59-19,22.225,0.984,PA-0100
798,user55,19-16-59-69,21.924,1.183,PA-0100
799,user55,19-17-00-20,21.936,1.332,PA-0100
800,user55,19-17-00-72,21.936,1.332,PA-0100
801,user55,19-17-01-23,21.936,1.332,PA-0100
802,user55,19-17-01-75,21.936,1.332,PA-0100
803,user55,19-17-02-27,21.936,1.332,PA-0100
804,user55,19-17-02-77,21.437,1.368,PA-0100
805,user55,19-17-03-29,21.437,1.368,PA-0100
806,user55,19-17-03-80,21.437,1.368,PA-0100
807,user55,19-17-04-30,21.437,1.368,PA-0100
808,user55,19-17-04-82,21.437,1.368,PA-0100
809,user55,19-17-05-33,21.437,1.368,PA-0100
810,user55,19-17-05-84,21.437,1.368,PA-0100
811,user55,19-17-06-35,21.437,1.368,PA-0100
812,user55,19-17-06-87,21.437,1.368,PA-0100
813,user55,19-17-07-38,21.437,1.368,PA-0100
814,user55,19-17-07-89,21.437,1.368,PA-0100
815,user55,19-17-08-40,21.437,1.368,PA-0100
816,user55,19-17-08-92,21.437,1.368,PA-0100
817,user55,19-17-09-43,21.437,1.368,PA-0100
818,user55,19-17-09-95,21.437,1.368,PA-0100
819,user55,19-17-10-47,21.437,1.368,PA-0100
820,user55,19-17-10-97,21.437,1.368,PA-0100
821,user55,19-17-11-49,21.437,1.368,PA-0100
822,user55,19-17-11-99,21.437,1.368,PA-0100
823,user55,19-17-12-50,21.437,1.368,PA-0100
824,user55,19-17-13-02,21.437,1.368,PA-0100
825,user55,19-17-13-53,21.437,1.368,PA-0100
826,user55,19-17-14-03,22.387,1.368,PA-0100
827,user55,19-17-14-54,22.837,1.368,PA-0100
828,user55,19-17-15-05,22.837,1.368,none
829,user55,19-17-15-55,22.837,1.368,none
830,user55,19-17-16-07,22.959,2.511,none
831,user55,19-17-16-59,22.856,3.822,none
832,user55,19-17-17-10,21.87,4.766,none
833,user55,19-17-17-60,21.608,6.205,PA-0003
834,user55,19-17-18-12,21.591,6.899,PA-0003
835,user55,19-17-18-63,21.591,6.899,PA-0003
836,user55,19-17-19-14,21.591,6.899,PA-0003
837,user55,19-17-19-65,21.591,6.899,PA-0003
838,user55,19-17-20-17,21.591,6.899,PA-0003
839,user55,19-17-20-67,21.591,6.899,PA-0003
840,user55,19-17-21-19,21.591,6.899,PA-0003
841,user55,19-17-21-69,22.276,7.041,PA-0003
842,user55,19-17-22-20,22.276,7.041,PA-0003
843,user55,19-17-22-72,22.276,7.041,PA-0003
844,user55,19-17-23-23,22.276,7.041,PA-0003
845,user55,19-17-23-75,22.276,7.041,PA-0003
846,user55,19-17-24-25,22.276,7.041,PA-0003
847,user55,19-17-24-75,22.187,7.274,none
848,user55,19-17-25-27,21.394,8.606,PA-0004
849,user55,19-17-25-79,20.724,10.002,PA-0004
850,user55,19-17-26-30,20.958,11.4,PA-0004
851,user55,19-17-26-82,22.294,11.892,PA-0004
852,user55,19-17-27-32,22.366,12.347,PA-0004
853,user55,19-17-27-84,22.363,12.447,PA-0004
854,user55,19-17-28-35,22.363,12.447,PA-0004
855,user55,19-17-28-87,22.363,12.447,PA-0004
856,user55,19-17-29-38,22.363,12.447,PA-0004
857,user55,19-17-29-88,22.363,12.447,PA-0004
858,user55,19-17-30-40,22.363,12.447,PA-0004
859,user55,19-17-30-90,22.363,12.447,PA-0004
860,user55,19-17-31-42,22.363,12.447,PA-0004
861,user55,19-17-31-92,22.41,12.43,PA-0004
862,user55,19-17-32-44,23.863,11.766,PA-0004
863,user55,19-17-32-95,23.957,11.732,PA-0004
864,user55,19-17-33-45,23.957,11.732,PA-0004
865,user55,19-17-33-97,22.476,11.869,PA-0004
866,user55,19-17-34-49,22.027,11.84,PA-0004
867,user55,19-17-34-99,22.027,11.84,PA-0004
868,user55,19-17-35-49,22.027,11.84,PA-0004
869,user55,19-17-36-00,22.027,11.84,PA-0004
870,user55,19-17-36-50,21.871,12.262,PA-0004
871,user55,19-17-37-02,22.618,12.313,PA-0004
872,user55,19-17-37-53,22.618,12.313,PA-0004
873,user55,19-17-38-04,22.618,12.313,none
874,user55,19-17-38-55,22.618,12.313,none
875,user55,19-17-39-05,22.618,12.313,none
876,user55,19-17-39-57,22.575,12.34,PA-0082
877,user55,19-17-40-09,21.296,13.295,PA-0082
878,user55,19-17-40-59,20.718,14.579,PA-0082
879,user55,19-17-41-10,19.465,15.35,PA-0082
880,user55,19-17-41-62,19.287,15.441,PA-0082
881,user55,19-17-42-13,18.888,15.649,PA-0082
882,user55,19-17-42-63,18.888,15.649,PA-0082
883,user55,19-17-43-13,18.888,15.649,PA-0082
884,user55,19-17-43-65,18.888,15.649,PA-0082
885,user55,19-17-44-17,18.888,15.649,PA-0082
886,user55,19-17-44-69,18.888,15.649,PA-0082
887,user55,19-17-45-20,18.888,15.649,PA-0082
888,user55,19-17-45-72,18.888,15.649,PA-0082
889,user55,19-17-46-24,18.888,15.649,PA-0082
890,user55,19-17-46-75,18.888,15.649,PA-0082
891,user55,19-17-47-25,18.888,15.649,PA-0082
892,user55,19-17-47-77,18.888,15.649,PA-0082
893,user55,19-17-48-28,18.888,15.649,PA-0082
894,user55,19-17-48-79,18.888,15.649,PA-0082
895,user55,19-17-49-30,18.888,15.649,PA-0082
896,user55,19-17-49-82,18.888,15.649,PA-0082
897,user55,19-17-50-33,18.888,15.649,PA-0082
898,user55,19-17-50-85,18.888,15.649,PA-0082
899,user55,19-17-51-37,18.888,15.649,PA-0082
900,user55,19-17-51-87,18.932,15.626,PA-0082
901,user55,19-17-52-39,19.379,15.401,PA-0082
902,user55,19-17-52-90,19.379,15.401,PA-0082
903,user55,19-17-53-42,18.932,15.625,PA-0082
904,user55,19-17-53-94,18.745,15.695,PA-0082
905,user55,19-17-54-45,18.498,15.731,PA-0082
906,user55,19-17-54-97,18.498,15.731,PA-0082
907,user55,19-17-55-47,18.692,15.683,PA-0082
908,user55,19-17-55-99,19.51,15.317,PA-0082
909,user55,19-17-56-50,19.244,15.457,PA-0082
910,user55,19-17-57-02,19.244,15.457,PA-0082
911,user55,19-17-57-53,19.305,15.075,PA-0084
912,user55,19-17-58-04,18.43,13.886,PA-0084
913,user55,19-17-58-55,18.153,12.775,PA-0084
914,user55,19-17-59-07,18.153,12.775,PA-0084
915,user55,19-17-59-59,18.153,12.775,PA-0084
916,user55,19-18-00-10,17.711,13.01,PA-0084
917,user55,19-18-00-62,17.711,13.01,PA-0084
918,user55,19-18-01-13,17.976,12.869,PA-0084
919,user55,19-18-01-65,17.976,12.869,PA-0084
920,user55,19-18-02-17,17.976,12.869,PA-0084
921,user55,19-18-02-69,17.976,12.869,PA-0084
922,user55,19-18-03-20,17.976,12.869,PA-0084
923,user55,19-18-03-72,17.976,12.869,PA-0084
924,user55,19-18-04-23,17.976,12.869,PA-0084
925,user55,19-18-04-74,17.976,12.869,PA-0084
926,user55,19-18-05-25,17.769,12.389,PA-0084
927,user55,19-18-05-75,17.456,12.543,PA-0084
928,user55,19-18-06-27,17.867,13.455,PA-0084
929,user55,19-18-06-79,17.867,13.455,PA-0084
930,user55,19-18-07-30,17.867,13.455,PA-0084
931,user55,19-18-07-82,17.867,13.455,PA-0084
932,user55,19-18-08-33,17.867,13.455,PA-0084
933,user55,19-18-08-85,17.867,13.455,PA-0084
934,user55,19-18-09-35,17.488,12.476,PA-0084
935,user55,19-18-09-87,17.353,12.153,PA-0084
936,user55,19-18-10-39,17.353,12.153,PA-0084
937,user55,19-18-10-89,17.353,12.153,none
938,user55,19-18-11-40,17.083,11.796,none
939,user55,19-18-11-92,16.91,11.017,KO-0006
940,user55,19-18-12-42,16.78,10.127,KO-0006
941,user55,19-18-12-93,16.995,8.76,PA-0088
942,user55,19-18-13-44,17.065,7.907,PA-0088
943,user55,19-18-13-95,17.065,7.907,PA-0088
944,user55,19-18-14-47,17.065,7.907,PA-0088
945,user55,19-18-14-99,16.879,7.442,PA-0088
946,user55,19-18-15-50,16.879,7.442,PA-0088
947,user55,19-18-16-02,16.879,7.442,PA-0088
948,user55,19-18-16-54,16.879,7.442,PA-0088
949,user55,19-18-17-05,16.879,7.442,PA-0088
950,user55,19-18-17-55,16.879,7.442,PA-0088
951,user55,19-18-18-07,16.879,7.442,PA-0088
952,user55,19-18-18-57,16.879,7.442,PA-0088
953,user55,19-18-19-08,16.879,7.442,PA-0088
954,user55,19-18-19-60,16.879,7.442,PA-0088
955,user55,19-18-20-12,16.879,7.442,PA-0088
956,user55,19-18-20-63,16.879,7.442,PA-0088
957,user55,19-18-21-15,16.879,7.442,PA-0088
958,user55,19-18-21-67,16.879,7.442,PA-0088
959,user55,19-18-22-19,16.879,7.442,PA-0088
960,user55,19-18-22-69,16.879,7.442,PA-0088
961,user55,19-18-23-19,16.879,7.442,PA-0088
962,user55,19-18-23-70,16.879,7.442,PA-0088
963,user55,19-18-24-22,16.879,7.442,PA-0088
964,user55,19-18-24-73,16.879,7.442,PA-0088
965,user55,19-18-25-25,16.879,7.442,PA-0088
966,user55,19-18-25-77,16.879,7.442,PA-0088
967,user55,19-18-26-27,16.879,7.442,PA-0088
968,user55,19-18-26-79,16.879,7.442,PA-0088
969,user55,19-18-27-30,16.879,7.442,PA-0088
970,user55,19-18-27-82,16.879,7.442,PA-0088
971,user55,19-18-28-33,16.879,7.442,PA-0088
972,user55,19-18-28-83,16.879,7.442,PA-0088
973,user55,19-18-29-35,16.879,7.442,PA-0088
974,user55,19-18-29-87,16.879,7.442,PA-0088
975,user55,19-18-30-39,16.879,7.442,PA-0088
976,user55,19-18-30-90,16.879,7.442,PA-0088
977,user55,19-18-31-40,16.879,7.442,PA-0088
978,user55,19-18-31-90,16.879,7.442,PA-0088
979,user55,19-18-32-42,16.879,7.442,PA-0088
980,user55,19-18-32-93,16.879,7.442,PA-0088
981,user55,19-18-33-44,17.315,8.398,PA-0088
982,user55,19-18-33-95,17.688,9.216,PA-0088
983,user55,19-18-34-47,17.854,9.58,none
984,user55,19-18-34-98,17.854,9.58,none
985,user55,19-18-35-50,16.778,9.986,PA-0065
986,user55,19-18-36-00,15.363,10.483,PA-0065
987,user55,19-18-36-51,13.942,10.767,none
988,user55,19-18-37-02,12.65,11.274,PA-0031
989,user55,19-18-37-55,12.007,11.893,PA-0031
990,user55,19-18-38-05,11.296,11.47,PA-0031
991,user55,19-18-38-55,10.8,11.807,PA-0031
992,user55,19-18-39-07,10.637,11.388,PA-0031
993,user55,19-18-39-59,10.637,11.388,PA-0031
994,user55,19-18-40-09,10.637,11.388,PA-0031
995,user55,19-18-40-60,10.637,11.388,PA-0031
996,user55,19-18-41-12,10.637,11.388,PA-0031
997,user55,19-18-41-63,10.637,11.388,PA-0031
998,user55,19-18-42-14,10.637,11.388,PA-0031
999,user55,19-18-42-65,10.637,11.388,PA-0031
1000,user55,19-18-43-17,10.637,11.388,PA-0031
1001,user55,19-18-43-68,10.637,11.388,PA-0031
1002,user55,19-18-44-18,10.637,11.388,PA-0031
1003,user55,19-18-44-70,10.637,11.388,PA-0031
1004,user55,19-18-45-22,10.637,11.388,PA-0031
1005,user55,19-18-45-73,10.637,11.388,PA-0031
1006,user55,19-18-46-24,10.637,11.388,PA-0031
1007,user55,19-18-46-75,10.637,11.388,PA-0031
1008,user55,19-18-47-27,10.637,11.388,PA-0031
1009,user55,19-18-47-77,10.637,11.388,PA-0031
1010,user55,19-18-48-29,10.637,11.388,PA-0031
1011,user55,19-18-48-80,10.637,11.388,PA-0031
1012,user55,19-18-49-30,10.637,11.388,PA-0031
1013,user55,19-18-49-82,10.637,11.388,PA-0031
1014,user55,19-18-50-32,10.637,11.388,PA-0031
1015,user55,19-18-50-83,10.637,11.388,PA-0031
1016,user55,19-18-51-35,10.637,11.388,PA-0031
1017,user55,19-18-51-85,10.637,11.388,PA-0031
1018,user55,19-18-52-37,10.637,11.388,PA-0031
1019,user55,19-18-52-88,10.637,11.388,PA-0031
1020,user55,19-18-53-40,10.637,11.388,PA-0031
1021,user55,19-18-53-90,10.637,11.388,PA-0031
1022,user55,19-18-54-40,10.637,11.388,PA-0065
1023,user55,19-18-54-92,10.637,11.388,PA-0065
1024,user55,19-18-55-44,9.537,11.867,PA-0065
1025,user55,19-18-55-95,8.76,12.213,PA-0065
1026,user55,19-18-56-47,9.168,12.023,PA-0065
1027,user55,19-18-56-97,9.168,12.023,PA-0065
1028,user55,19-18-57-47,9.168,12.023,PA-0065
1029,user55,19-18-57-99,9.168,12.023,none
1030,user55,19-18-58-50,9.168,12.023,none
1031,user55,19-18-59-00,9.168,12.023,none
1032,user55,19-18-59-52,9.268,12.032,PA-0024
1033,user55,19-19-00-02,10.638,12.491,PA-0024
1034,user55,19-19-00-54,11.249,12.687,none
1035,user55,19-19-01-05,11.842,12.775,PA-0083
1036,user55,19-19-01-55,12.578,13.656,PA-0083
1037,user55,19-19-02-07,13.971,13.53,PA-0083
1038,user55,19-19-02-57,14.053,14.074,PA-0083
1039,user55,19-19-03-09,14.053,14.074,PA-0083
1040,user55,19-19-03-60,14.053,14.074,PA-0083
1041,user55,19-19-04-10,14.053,14.074,PA-0083
1042,user55,19-19-04-62,14.053,14.074,PA-0083
1043,user55,19-19-05-14,14.053,14.074,PA-0083
1044,user55,19-19-05-65,14.053,14.074,PA-0083
1045,user55,19-19-06-15,14.053,14.074,PA-0083
1046,user55,19-19-06-67,14.053,14.074,PA-0083
1047,user55,19-19-07-18,14.053,14.074,PA-0083
1048,user55,19-19-07-69,14.053,14.074,PA-0083
1049,user55,19-19-08-20,14.053,14.074,PA-0083
1050,user55,19-19-08-72,14.053,14.074,PA-0083
1051,user55,19-19-09-22,14.053,14.074,PA-0083
1052,user55,19-19-09-74,14.053,14.074,PA-0083
1053,user55,19-19-10-25,14.053,14.074,PA-0083
1054,user55,19-19-10-75,14.053,14.074,PA-0083
1055,user55,19-19-11-27,14.053,14.074,PA-0083
1056,user55,19-19-11-79,14.053,14.074,PA-0083
1057,user55,19-19-12-30,14.053,14.074,PA-0083
1058,user55,19-19-12-82,14.053,14.074,PA-0063
1059,user55,19-19-13-32,13.876,15.171,none
1060,user55,19-19-13-83,15.112,15.745,PA-0063
1061,user55,19-19-14-34,15.918,16.389,PA-0082
1062,user55,19-19-14-85,14.741,16.899,PA-0063
1063,user55,19-19-15-35,14.741,16.899,PA-0063
1064,user55,19-19-15-87,14.741,16.899,PA-0063
1065,user55,19-19-16-39,14.741,16.899,PA-0063
1066,user55,19-19-16-90,14.741,16.899,PA-0063
1067,user55,19-19-17-42,14.741,16.899,PA-0063
1068,user55,19-19-17-93,14.741,16.899,PA-0063
1069,user55,19-19-18-44,14.741,16.899,PA-0063
1070,user55,19-19-18-95,14.741,16.899,PA-0063
1071,user55,19-19-19-47,14.741,16.899,PA-0063
1072,user55,19-19-19-98,14.741,16.899,PA-0063
1073,user55,19-19-20-49,14.741,16.899,PA-0063
1074,user55,19-19-21-00,14.741,16.899,none
1075,user55,19-19-21-50,14.741,16.899,none
1076,user55,19-19-22-00,14.741,16.899,PA-0031
1077,user55,19-19-22-52,13.85,16.566,PA-0087
1078,user55,19-19-23-02,12.946,15.963,PA-0087
1079,user55,19-19-23-52,12.088,15.244,PA-0070
1080,user55,19-19-24-03,10.584,15.789,PA-0070
1081,user55,19-19-24-55,10.208,15.925,PA-0070
1082,user55,19-19-25-05,10.049,15.451,PA-0070
1083,user55,19-19-25-55,10.049,15.451,PA-0070
1084,user55,19-19-26-05,10.049,15.451,PA-0070
1085,user55,19-19-26-55,10.049,15.451,PA-0070
1086,user55,19-19-27-07,10.049,15.451,PA-0070
1087,user55,19-19-27-57,10.049,15.451,PA-0070
1088,user55,19-19-28-09,10.704,15.085,PA-0070
1089,user55,19-19-28-60,10.976,15.161,PA-0070
1090,user55,19-19-29-12,10.976,15.161,PA-0070
1091,user55,19-19-29-63,10.976,15.161,PA-0070
1092,user55,19-19-30-15,10.976,15.161,PA-0070
1093,user55,19-19-30-67,10.976,15.161,PA-0070
1094,user55,19-19-31-17,10.179,15.58,PA-0070
1095,user55,19-19-31-69,10.179,15.58,PA-0070
1096,user55,19-19-32-20,11.112,15.099,PA-0070
1097,user55,19-19-32-70,11.112,15.099,PA-0070
1098,user55,19-19-33-20,11.112,15.099,none
1099,user55,19-19-33-72,11.112,15.099,none
1100,user55,19-19-34-23,11.112,15.099,none
1101,user55,19-19-34-74,11.975,16.049,none
1102,user55,19-19-35-25,13.46,16.644,none
1103,user55,19-19-35-76,14.674,17.413,PA-0067
1104,user55,19-19-36-27,15.157,17.056,PA-0067
1105,user55,19-19-36-77,15.388,17.5,PA-0067
1106,user55,19-19-37-29,15.388,17.5,PA-0067
1107,user55,19-19-37-79,15.388,17.5,PA-0067
1108,user55,19-19-38-30,15.388,17.5,PA-0067
1109,user55,19-19-38-82,15.388,17.5,PA-0067
1110,user55,19-19-39-32,15.388,17.5,PA-0067
1111,user55,19-19-39-83,15.388,17.5,PA-0067
1112,user55,19-19-40-34,15.388,17.5,PA-0067
1113,user55,19-19-40-85,15.388,17.5,PA-0067
1114,user55,19-19-41-37,15.388,17.5,PA-0067
1115,user55,19-19-41-89,15.388,17.5,PA-0067
1116,user55,19-19-42-40,15.388,17.5,PA-0067
1117,user55,19-19-42-92,15.388,17.5,PA-0067
1118,user55,19-19-43-42,15.388,17.5,PA-0067
1119,user55,19-19-43-94,14.338,17.731,PA-0064
1120,user55,19-19-44-46,12.842,17.967,PA-0064
1121,user55,19-19-44-97,12.97,18.45,PA-0064
1122,user55,19-19-45-49,12.97,18.45,PA-0064
1123,user55,19-19-46-00,12.97,18.45,PA-0064
1124,user55,19-19-46-50,12.928,18.36,PA-0064
1125,user55,19-19-47-02,12.356,18.075,PA-0064
1126,user55,19-19-47-53,12.356,18.075,PA-0064
1127,user55,19-19-48-03,12.356,18.075,PA-0064
1128,user55,19-19-48-55,12.356,18.075,PA-0064
1129,user55,19-19-49-05,12.356,18.075,none
1130,user55,19-19-49-57,12.356,18.075,none
1131,user55,19-19-50-07,11.71,18.148,none
1132,user55,19-19-50-59,10.222,18.337,none
1133,user55,19-19-51-09,8.776,18.809,none
1134,user55,19-19-51-59,7.5,18.691,PA-0024
1135,user55,19-19-52-11,6.775,19.664,PA-0024
1136,user55,19-19-52-62,5.527,20.079,PA-0024
1137,user55,19-19-53-13,5.644,20.513,PA-0024
1138,user55,19-19-53-64,5.272,21.199,PA-0024
1139,user55,19-19-54-15,5.272,21.199,PA-0024
1140,user55,19-19-54-67,5.272,21.199,PA-0024
1141,user55,19-19-55-18,5.272,21.199,PA-0024
1142,user55,19-19-55-70,5.272,21.199,PA-0024
1143,user55,19-19-56-22,5.272,21.199,PA-0024
1144,user55,19-19-56-72,5.272,21.199,PA-0024
1145,user55,19-19-57-23,5.272,21.199,PA-0024
1146,user55,19-19-57-75,5.272,21.199,PA-0024
1147,user55,19-19-58-27,5.272,21.199,PA-0024
1148,user55,19-19-58-77,5.272,21.199,PA-0024
1149,user55,19-19-59-27,5.272,21.199,PA-0024
1150,user55,19-19-59-79,5.272,21.199,PA-0024
1151,user55,19-20-00-30,5.272,21.199,PA-0024
1152,user55,19-20-00-80,5.272,21.199,PA-0024
1153,user55,19-20-01-32,5.272,21.199,PA-0024
1154,user55,19-20-01-82,5.272,21.199,PA-0024
1155,user55,19-20-02-32,5.272,21.199,PA-0024
1156,user55,19-20-02-83,5.272,21.199,PA-0024
1157,user55,19-20-03-35,5.272,21.199,PA-0024
1158,user55,19-20-03-85,5.272,21.199,PA-0024
1159,user55,19-20-04-37,5.272,21.199,PA-0024
1160,user55,19-20-04-88,5.272,21.199,PA-0024
1161,user55,19-20-05-39,5.272,21.199,PA-0024
1162,user55,19-20-05-90,5.272,21.199,PA-0024
1163,user55,19-20-06-42,5.272,21.199,PA-0024
1164,user55,19-20-06-92,5.272,21.199,PA-0024
1165,user55,19-20-07-42,5.272,21.199,PA-0024
1166,user55,19-20-07-94,5.272,21.199,PA-0024
1167,user55,19-20-08-44,5.272,21.199,PA-0024
1168,user55,19-20-08-95,5.272,21.199,PA-0024
1169,user55,19-20-09-47,5.272,21.199,PA-0024
1170,user55,19-20-09-99,5.272,21.199,PA-0024
1171,user55,19-20-10-49,5.272,21.199,none
1172,user55,19-20-10-99,5.272,21.199,none
1173,user55,19-20-11-50,5.272,21.199,PA-0086
1174,user55,19-20-12-02,5.633,20.659,PA-0086
1175,user55,19-20-12-52,6.466,19.411,PA-0086
1176,user55,19-20-13-02,7.037,18.112,PA-0086
1177,user55,19-20-13-53,6.811,17.316,PA-0086
1178,user55,19-20-14-04,7.035,16.852,PA-0086
1179,user55,19-20-14-55,6.948,16.73,PA-0086
1180,user55,19-20-15-07,6.948,16.73,PA-0086
1181,user55,19-20-15-58,6.948,16.73,PA-0086
1182,user55,19-20-16-09,6.948,16.73,PA-0086
1183,user55,19-20-16-60,6.948,16.73,PA-0086
1184,user55,19-20-17-12,7.216,16.595,PA-0086
1185,user55,19-20-17-63,7.216,16.595,PA-0086
1186,user55,19-20-18-15,7.216,16.595,PA-0086
1187,user55,19-20-18-65,7.216,16.595,PA-0086
1188,user55,19-20-19-15,7.256,16.564,PA-0086
1189,user55,19-20-19-67,8.122,15.893,PA-0086
1190,user55,19-20-20-19,7.943,15.983,PA-0086
1191,user55,19-20-20-70,7.093,16.406,PA-0086
1192,user55,19-20-21-22,7.093,16.406,PA-0086
1193,user55,19-20-21-73,7.093,16.406,PA-0086
1194,user55,19-20-22-23,7.093,16.406,PA-0086
1195,user55,19-20-22-74,7.093,16.406,PA-0086
1196,user55,19-20-23-25,7.093,16.406,PA-0086
1197,user55,19-20-23-77,7.093,16.406,PA-0086
1198,user55,19-20-24-29,7.093,16.406,PA-0086
1199,user55,19-20-24-80,7.093,16.406,PA-0086
1200,user55,19-20-25-32,7.093,16.406,PA-0086
1201,user55,19-20-25-84,7.093,16.406,PA-0086
1202,user55,19-20-26-35,7.093,16.406,PA-0086
1203,user55,19-20-26-87,7.093,16.406,PA-0086
1204,user55,19-20-27-39,7.093,16.406,PA-0086
1205,user55,19-20-27-90,7.093,16.406,PA-0086
1206,user55,19-20-28-40,7.093,16.406,PA-0086
1207,user55,19-20-28-90,7.093,16.406,PA-0086
1208,user55,19-20-29-42,7.093,16.406,PA-0086
1209,user55,19-20-29-93,7.093,16.406,PA-0086
1210,user55,19-20-30-45,7.093,16.406,PA-0086
1211,user55,19-20-30-97,7.093,16.406,PA-0086
1212,user55,19-20-31-49,7.093,16.406,PA-0086
1213,user55,19-20-32-00,7.093,16.406,PA-0086
1214,user55,19-20-32-52,6.62,15.423,PA-0085
1215,user55,19-20-33-02,6.419,14.416,none
1216,user55,19-20-33-54,6.545,14.688,PA-0085
1217,user55,19-20-34-05,6.545,14.688,PA-0085
1218,user55,19-20-34-55,6.545,14.688,PA-0085
1219,user55,19-20-35-07,6.545,14.688,PA-0085
1220,user55,19-20-35-57,7.338,14.778,PA-0085
1221,user55,19-20-36-09,7.418,14.718,PA-0085
1222,user55,19-20-36-60,7.378,14.748,PA-0085
1223,user55,19-20-37-12,6.787,15.21,PA-0085
1224,user55,19-20-37-63,6.433,15.396,PA-0085
1225,user55,19-20-38-15,6.433,15.396,PA-0085
1226,user55,19-20-38-67,6.433,15.396,PA-0085
1227,user55,19-20-39-17,6.433,15.396,PA-0085
1228,user55,19-20-39-69,6.433,15.396,PA-0085
1229,user55,19-20-40-19,6.433,15.396,PA-0085
1230,user55,19-20-40-70,6.433,15.396,PA-0085
1231,user55,19-20-41-20,6.433,15.396,PA-0085
1232,user55,19-20-41-70,6.409,15.352,PA-0085
1233,user55,19-20-42-22,6.407,14.916,PA-0085
1234,user55,19-20-42-74,6.407,14.916,PA-0085
1235,user55,19-20-43-25,6.523,15.192,PA-0085
1236,user55,19-20-43-77,6.523,15.192,PA-0085
1237,user55,19-20-44-29,6.523,15.192,PA-0083
1238,user55,19-20-44-79,6.523,15.192,PA-0085
1239,user55,19-20-45-30,6.523,15.192,PA-0085
1240,user55,19-20-45-82,6.523,15.192,PA-0085
1241,user55,19-20-46-33,6.523,15.192,PA-0085
1242,user55,19-20-46-85,6.523,15.192,PA-0085
1243,user55,19-20-47-37,6.523,15.192,PA-0085
1244,user55,19-20-47-87,5.888,14.115,PA-0065
1245,user55,19-20-48-39,5.609,13.641,PA-0036
1246,user55,19-20-48-89,5.458,13.382,PA-0036
1247,user55,19-20-49-40,5.458,13.382,PA-0036
1248,user55,19-20-49-92,5.458,13.382,PA-0036
1249,user55,19-20-50-42,5.859,13.179,PA-0036
1250,user55,19-20-50-93,5.859,13.179,PA-0036
1251,user55,19-20-51-45,5.859,13.179,PA-0036
1252,user55,19-20-51-97,6.126,13.041,PA-0036
1253,user55,19-20-52-49,6.126,13.041,PA-0036
1254,user55,19-20-53-00,6.126,13.041,PA-0036
1255,user55,19-20-53-52,6.126,13.041,PA-0036
1256,user55,19-20-54-02,6.126,13.041,PA-0036
1257,user55,19-20-54-52,6.126,13.041,PA-0036
1258,user55,19-20-55-05,6.126,13.041,PA-0036
1259,user55,19-20-55-57,6.126,13.041,PA-0036
1260,user55,19-20-56-07,6.126,13.041,PA-0036
1261,user55,19-20-56-58,6.126,13.041,PA-0036
1262,user55,19-20-57-09,6.126,13.041,PA-0036
1263,user55,19-20-57-60,6.126,13.041,PA-0036
1264,user55,19-20-58-12,6.126,13.041,PA-0036
1265,user55,19-20-58-65,6.126,13.041,PA-0036
1266,user55,19-20-59-17,6.126,13.041,PA-0036
1267,user55,19-20-59-68,6.126,13.041,PA-0036
1268,user55,19-21-00-19,6.126,13.041,PA-0036
1269,user55,19-21-00-70,6.126,13.041,PA-0036
1270,user55,19-21-01-20,6.126,13.041,PA-0036
1271,user55,19-21-01-72,6.126,13.041,PA-0036
1272,user55,19-21-02-24,6.126,13.041,PA-0036
1273,user55,19-21-02-75,6.126,13.041,PA-0036
1274,user55,19-21-03-25,6.126,13.041,PA-0036
1275,user55,19-21-03-77,6.126,13.041,PA-0036
1276,user55,19-21-04-27,6.126,13.041,PA-0036
1277,user55,19-21-04-78,6.126,13.041,PA-0036
1278,user55,19-21-05-29,6.126,13.041,PA-0036
1279,user55,19-21-05-80,6.126,13.041,PA-0036
1280,user55,19-21-06-30,6.126,13.041,PA-0036
1281,user55,19-21-06-80,6.126,13.041,PA-0036
1282,user55,19-21-07-32,6.126,13.041,PA-0036
1283,user55,19-21-07-83,6.126,13.041,PA-0036
1284,user55,19-21-08-35,6.126,13.041,PA-0036
1285,user55,19-21-08-85,6.126,13.041,PA-0036
1286,user55,19-21-09-37,6.126,13.041,PA-0036
1287,user55,19-21-09-89,6.126,13.041,PA-0036
1288,user55,19-21-10-40,6.126,13.041,PA-0036
1289,user55,19-21-10-92,6.126,13.041,PA-0036
1290,user55,19-21-11-43,6.126,13.041,PA-0036
1291,user55,19-21-11-95,6.126,13.041,PA-0036
1292,user55,19-21-12-47,6.126,13.041,PA-0036
1293,user55,19-21-12-97,6.126,13.041,PA-0036
1294,user55,19-21-13-48,6.126,13.041,PA-0036
1295,user55,19-21-14-00,6.126,13.041,PA-0036
1296,user55,19-21-14-52,6.126,13.041,PA-0036
1297,user55,19-21-15-04,6.126,13.041,PA-0036
1298,user55,19-21-15-55,6.126,13.041,PA-0036
1299,user55,19-21-16-05,6.126,13.041,PA-0036
1300,user55,19-21-16-57,6.126,13.041,PA-0036
1301,user55,19-21-17-08,6.126,13.041,PA-0036
1302,user55,19-21-17-60,6.126,13.041,PA-0036
1303,user55,19-21-18-12,6.126,13.041,PA-0036
1304,user55,19-21-18-62,6.126,13.041,PA-0036
1305,user55,19-21-19-13,6.126,13.041,PA-0036
1306,user55,19-21-19-65,6.126,13.041,PA-0036
1307,user55,19-21-20-15,6.126,13.041,PA-0036
1308,user55,19-21-20-67,6.126,13.041,PA-0036
1309,user55,19-21-21-19,6.126,13.041,PA-0036
1310,user55,19-21-21-70,6.126,13.041,PA-0036
1311,user55,19-21-22-23,6.126,13.041,PA-0036
1312,user55,19-21-22-74,6.126,13.041,PA-0036
1313,user55,19-21-23-24,6.126,13.041,PA-0036
1314,user55,19-21-23-75,6.126,13.041,PA-0036
1315,user55,19-21-24-27,5.676,13.439,PA-0036
1316,user55,19-21-24-79,5.115,13.936,PA-0036
1317,user55,19-21-25-29,5.115,13.936,PA-0089
1318,user55,19-21-25-80,5.115,13.936,PA-0025
1319,user55,19-21-26-32,5.555,14.342,PA-0025
1320,user55,19-21-26-82,5.318,14.526,PA-0025
1321,user55,19-21-27-33,4.973,14.729,PA-0025
1322,user55,19-21-27-84,4.973,14.729,PA-0025
1323,user55,19-21-28-35,4.973,14.729,PA-0025
1324,user55,19-21-28-87,4.973,14.729,PA-0025
1325,user55,19-21-29-38,4.973,14.729,PA-0025
1326,user55,19-21-29-90,4.973,14.729,PA-0025
1327,user55,19-21-30-42,4.973,14.729,PA-0025
1328,user55,19-21-30-92,4.671,14.905,PA-0025
1329,user55,19-21-31-43,4.671,14.905,PA-0025
1330,user55,19-21-31-93,4.671,14.905,PA-0025
1331,user55,19-21-32-44,4.671,14.905,PA-0025
1332,user55,19-21-32-95,4.671,14.905,PA-0025
1333,user55,19-21-33-45,4.671,14.905,PA-0025
1334,user55,19-21-33-97,4.671,14.905,PA-0025
1335,user55,19-21-34-47,4.671,14.905,PA-0025
1336,user55,19-21-34-99,4.671,14.905,PA-0025
1337,user55,19-21-35-50,4.407,15.047,PA-0025
1338,user55,19-21-36-02,4.407,15.047,PA-0025
1339,user55,19-21-36-53,4.407,15.047,PA-0025
1340,user55,19-21-37-05,4.407,15.047,PA-0025
1341,user55,19-21-37-57,4.407,15.047,PA-0025
1342,user55,19-21-38-07,4.407,15.047,PA-0025
1343,user55,19-21-38-60,4.407,15.047,PA-0025
1344,user55,19-21-39-12,4.407,15.047,PA-0025
1345,user55,19-21-39-62,4.407,15.047,PA-0025
1346,user55,19-21-40-13,4.407,15.047,PA-0025
1347,user55,19-21-40-64,4.407,15.047,PA-0025
1348,user55,19-21-41-15,4.407,15.047,PA-0025
1349,user55,19-21-41-67,4.407,15.047,PA-0025
1350,user55,19-21-42-17,3.165,15.694,PA-0025
1351,user55,19-21-42-67,2.145,16.225,PA-0027
1352,user55,19-21-43-18,1.558,16.41,PA-0027
1353,user55,19-21-43-70,1.166,15.657,PA-0027
1354,user55,19-21-44-22,1.004,15.346,PA-0027
1355,user55,19-21-44-73,1.004,15.346,PA-0027
1356,user55,19-21-45-24,1.004,15.346,PA-0027
1357,user55,19-21-45-75,1.431,16.305,PA-0027
1358,user55,19-21-46-25,2.044,17.675,PA-0027
1359,user55,19-21-46-77,2.372,18.349,PA-0027
1360,user55,19-21-47-27,2.372,18.349,PA-0027
1361,user55,19-21-47-78,2.372,18.349,PA-0027
1362,user55,19-21-48-29,2.372,18.349,PA-0027
1363,user55,19-21-48-79,2.372,18.349,PA-0027
1364,user55,19-21-49-30,2.372,18.349,PA-0027
1365,user55,19-21-49-80,2.372,18.349,PA-0027
1366,user55,19-21-50-32,2.196,17.935,PA-0027
1367,user55,19-21-50-84,1.59,16.508,PA-0027
1368,user55,19-21-51-35,0.9,16.289,PA-0027
1369,user55,19-21-51-87,0.763,15.913,PA-0027
1370,user55,19-21-52-38,0.763,15.913,PA-0027
1371,user55,19-21-52-89,0.763,15.913,PA-0027
1372,user55,19-21-53-40,1.005,15.848,PA-0027
1373,user55,19-21-53-92,1.053,15.835,PA-0027
1374,user55,19-21-54-43,1.282,15.734,PA-0027
1375,user55,19-21-54-95,1.327,15.713,PA-0027
1376,user55,19-21-55-45,1.175,15.454,PA-0027
1377,user55,19-21-55-97,1.175,15.454,PA-0027
1378,user55,19-21-56-47,1.664,16.327,PA-0027
1379,user55,19-21-56-98,2.242,17.321,PA-0027
1380,user55,19-21-57-50,2.242,17.321,PA-0027
1381,user55,19-21-58-00,2.166,17.191,PA-0027
1382,user55,19-21-58-53,1.763,16.5,PA-0027
1383,user55,19-21-59-04,1.26,15.636,PA-0027
1384,user55,19-21-59-55,1.26,15.636,PA-0027
1385,user55,19-22-00-07,1.26,15.636,PA-0027
1386,user55,19-22-00-58,0.972,14.998,PA-0027
1387,user55,19-22-01-10,1.252,15.585,PA-0027
1388,user55,19-22-01-60,1.053,15.238,PA-0027
1389,user55,19-22-02-12,0.642,14.552,PA-0027
1390,user55,19-22-02-63,0.93,15.078,PA-0027
1391,user55,19-22-03-13,1.255,15.698,PA-0027
1392,user55,19-22-03-64,1.416,16.009,PA-0027
1393,user55,19-22-04-14,1.416,16.009,none
1394,user55,19-22-04-65,1.416,16.009,PA-0087
1395,user55,19-22-05-17,1.66,16.771,PA-0087
1396,user55,19-22-05-68,1.66,16.771,PA-0087
1397,user55,19-22-06-20,1.66,16.771,PA-0087
1398,user55,19-22-06-70,1.66,16.771,PA-0087
1399,user55,19-22-07-22,1.66,16.771,PA-0087
1400,user55,19-22-07-72,1.66,16.771,PA-0087
1401,user55,19-22-08-23,0.414,16.873,PA-0087
1402,user55,19-22-08-75,0.433,17.021,PA-0087
1403,user55,19-22-09-27,0.453,17.17,PA-0087
1404,user55,19-22-09-77,0.453,17.17,PA-0087
1405,user55,19-22-10-29,0.453,17.17,PA-0087
1406,user55,19-22-10-80,0.453,17.17,PA-0087
1407,user55,19-22-11-30,0.453,17.17,PA-0087
1408,user55,19-22-11-82,0.453,17.17,PA-0087
1409,user55,19-22-12-32,0.453,17.17,PA-0087
1410,user55,19-22-12-82,0.453,17.17,PA-0087
1411,user55,19-22-13-34,0.453,17.17,PA-0087
1412,user55,19-22-13-86,-0.296,17.19,PA-0087
1413,user55,19-22-14-37,-0.296,17.19,PA-0087
1414,user55,19-22-14-87,-0.247,17.198,PA-0087
1415,user55,19-22-15-37,1.053,17.197,PA-0087
1416,user55,19-22-15-89,1.053,17.197,PA-0087
1417,user55,19-22-16-40,0.607,17.259,PA-0087
1418,user55,19-22-16-92,0.607,17.259,PA-0087
1419,user55,19-22-17-42,0.31,17.302,PA-0087
1420,user55,19-22-17-93,0.31,17.302,PA-0087
1421,user55,19-22-18-44,0.31,17.302,PA-0087
1422,user55,19-22-18-95,0.963,17.936,none
1423,user55,19-22-19-47,0.963,17.936,none
1424,user55,19-22-19-97,0.963,17.936,none
1425,user55,19-22-20-49,0.963,17.936,none
1426,user55,19-22-21-00,0.963,17.936,PA-0084
1427,user55,19-22-21-52,0.963,17.936,PA-0086
1428,user55,19-22-22-02,0.963,17.936,PA-0025
1429,user55,19-22-22-53,0.963,17.936,none
1430,user55,19-22-23-03,0.963,17.936,PA-0087
1431,user55,19-22-23-54,0.963,17.936,none
1432,user55,19-22-24-05,0.963,17.936,none
1433,user55,19-22-24-57,0.963,17.936,none
1434,user55,19-22-25-07,0.963,17.936,none
1435,user55,19-22-25-59,1.061,17.954,none
1436,user55,19-22-26-10,2.587,18.225,none
1437,user55,19-22-26-62,4.116,18.481,none
1438,user55,19-22-27-12,5.596,18.727,none
1439,user55,19-22-27-63,6.624,18.097,none
1440,user55,19-22-28-14,5.751,17.225,PA-0085
1441,user55,19-22-28-65,6.528,16.006,PA-0085
1442,user55,19-22-29-17,6.342,15.345,PA-0085
1443,user55,19-22-29-69,6.342,15.345,PA-0085
1444,user55,19-22-30-20,6.342,15.345,PA-0085
1445,user55,19-22-30-72,6.342,15.345,PA-0085
1446,user55,19-22-31-24,6.342,15.345,PA-0085
1447,user55,19-22-31-75,6.342,15.345,PA-0085
1448,user55,19-22-32-27,6.342,15.345,PA-0085
1449,user55,19-22-32-78,6.342,15.345,PA-0085
1450,user55,19-22-33-29,6.342,15.345,PA-0085
1451,user55,19-22-33-80,7.006,14.997,PA-0085
1452,user55,19-22-34-30,7.006,14.997,PA-0085
1453,user55,19-22-34-82,6.92,15.047,PA-0085
1454,user55,19-22-35-33,6.53,15.272,PA-0085
1455,user55,19-22-35-85,6.53,15.272,PA-0085
1456,user55,19-22-36-37,6.53,15.272,PA-0085
1457,user55,19-22-36-88,6.53,15.272,PA-0085
1458,user55,19-22-37-39,6.53,15.272,PA-0085
1459,user55,19-22-37-90,6.53,15.272,PA-0085
1460,user55,19-22-38-42,6.53,15.272,PA-0085
1461,user55,19-22-38-93,6.53,15.272,PA-0085
1462,user55,19-22-39-45,6.53,15.272,PA-0085
1463,user55,19-22-39-95,6.53,15.272,PA-0085
1464,user55,19-22-40-47,6.561,15.311,none
1465,user55,19-22-40-99,7.523,16.527,none
1466,user55,19-22-41-49,8.475,17.685,none
1467,user55,19-22-41-99,9.716,18.278,PA-0063
1468,user55,19-22-42-50,10.866,17.26,none
1469,user55,19-22-43-02,11.465,15.938,none
1470,user55,19-22-43-52,11.461,15.888,PA-0083
1471,user55,19-22-44-03,12.108,14.906,PA-0083
1472,user55,19-22-44-54,13.535,14.442,PA-0083
1473,user55,19-22-45-05,14.144,14.216,PA-0083
1474,user55,19-22-45-57,14.144,14.216,PA-0083
1475,user55,19-22-46-08,14.144,14.216,PA-0083
1476,user55,19-22-46-59,14.829,13.912,PA-0083
1477,user55,19-22-47-10,14.829,13.912,PA-0083
1478,user55,19-22-47-62,14.376,14.124,PA-0083
1479,user55,19-22-48-12,14.376,14.124,none
1480,user55,19-22-48-63,14.376,14.124,PA-0031
1481,user55,19-22-49-15,14.376,14.124,none
1482,user55,19-22-49-65,13.665,13.757,none
1483,user55,19-22-50-17,12.463,13.084,PA-0031
1484,user55,19-22-50-70,11.656,11.759,PA-0031
1485,user55,19-22-51-22,11.157,11.76,PA-0031
1486,user55,19-22-51-72,11.036,11.486,PA-0031
1487,user55,19-22-52-23,10.878,11.118,PA-0031
1488,user55,19-22-52-75,10.878,11.118,PA-0031
1489,user55,19-22-53-27,10.878,11.118,PA-0031
1490,user55,19-22-53-78,10.878,11.118,PA-0031
1491,user55,19-22-54-30,10.878,11.118,PA-0031
1492,user55,19-22-54-80,10.878,11.118,PA-0031
1493,user55,19-22-55-30,10.878,11.118,PA-0031
1494,user55,19-22-55-80,10.878,11.118,PA-0088
1495,user55,19-22-56-32,11.315,11.01,none
1496,user55,19-22-56-84,12.819,10.635,PA-0003
1497,user55,19-22-57-35,14.322,10.256,PA-0003
1498,user55,19-22-57-85,15.094,10.046,none
1499,user55,19-22-58-35,15.94,9.753,none
1500,user55,19-22-58-87,15.94,9.753,PA-0088
1501,user55,19-22-59-37,15.94,9.753,none
1502,user55,19-22-59-88,15.94,9.753,none
1503,user55,19-23-00-39,15.94,9.753,none
1504,user55,19-23-00-90,16.778,10.997,none
1505,user55,19-23-01-40,17.985,11.745,PA-0004
1506,user55,19-23-01-92,19.399,11.6,none
1507,user55,19-23-02-44,19.632,10.05,none
1508,user55,19-23-02-95,20.096,8.624,none
1509,user55,19-23-03-48,20.405,7.105,none
1510,user55,19-23-03-99,20.75,5.542,none
1511,user55,19-23-04-52,21.035,4.019,none
1512,user55,19-23-05-03,21.271,2.436,none
1513,user55,19-23-05-54,21.499,0.955,none
1514,user55,19-23-06-05,21.922,-0.537,none
1515,user55,19-23-06-55,22.341,-1.977,none
1516,user55,19-23-07-05,22.748,-3.368,none
1517,user55,19-23-07-57,23.443,-4.808,none
1518,user55,19-23-08-07,22.756,-5.91,KO-0008
1519,user55,19-23-08-59,22.329,-6.515,KO-0008
1520,user55,19-23-09-10,22.329,-6.515,none
1521,user55,19-23-09-62,21.857,-7.398,none
1522,user55,19-23-10-13,20.289,-7.121,none
1523,user55,19-23-10-64,20.004,-7.027,none
1524,user55,19-23-11-15,20.018,-6.828,none
1525,user55,19-23-11-67,20.133,-5.282,none
1526,user55,19-23-12-18,18.791,-5.123,none
1527,user55,19-23-12-70,17.29,-5.42,PA-0026
1528,user55,19-23-13-22,15.851,-5.998,PA-0098
1529,user55,19-23-13-73,14.312,-6.085,PA-0095
1530,user55,19-23-14-25,13.263,-6.048,PA-0095
1531,user55,19-23-14-75,13.263,-6.048,PA-0095
1532,user55,19-23-15-25,12.814,-6.016,PA-0095
1533,user55,19-23-15-77,12.814,-6.016,PA-0095
1534,user55,19-23-16-28,12.814,-6.016,PA-0095
1535,user55,19-23-16-80,12.814,-6.016,PA-0095
1536,user55,19-23-17-30,12.814,-6.016,none
1537,user55,19-23-17-82,12.814,-6.016,none
1538,user55,19-23-18-33,12.814,-6.016,none
1539,user55,19-23-18-84,12.814,-6.016,none
1540,user55,19-23-19-35,12.733,-5.728,none
1541,user55,19-23-19-85,12.131,-4.364,none
1542,user55,19-23-20-37,10.764,-3.666,none
1543,user55,19-23-20-87,9.393,-3.057,none
1544,user55,19-23-21-38,7.986,-2.409,none
1545,user55,19-23-21-90,6.576,-1.765,none
1546,user55,19-23-22-42,5.115,-1.253,PA-0089
1547,user55,19-23-22-93,4.127,-1.112,PA-0089
1548,user55,19-23-23-45,4.127,-1.112,PA-0089
1549,user55,19-23-23-95,4.127,-1.112,none
1550,user55,19-23-24-47,4.127,-1.112,PA-0090
1551,user55,19-23-24-98,4.225,0.333,PA-0090
1552,user55,19-23-25-50,4.219,1.332,PA-0090
1553,user55,19-23-26-00,4.219,1.332,none
1554,user55,19-23-26-50,4.51,0.925,PA-0089
1555,user55,19-23-27-02,4.298,-0.029,PA-0089
1556,user55,19-23-27-52,3.579,-0.243,PA-0089
1557,user55,19-23-28-03,3.433,-0.278,PA-0089
1558,user55,19-23-28-53,3.433,-0.278,PA-0090
1559,user55,19-23-29-04,3.433,-0.278,PA-0090
1560,user55,19-23-29-55,3.433,-0.278,none
1561,user55,19-23-30-07,3.433,-0.278,PA-0089
1562,user55,19-23-30-57,3.499,-0.673,PA-0089
1563,user55,19-23-31-09,3.499,-0.673,PA-0089
1564,user55,19-23-31-59,3.499,-0.673,PA-0089
1565,user55,19-23-32-10,3.499,-0.673,PA-0089
1566,user55,19-23-32-60,3.499,-0.673,PA-0089
1567,user55,19-23-33-14,3.499,-0.673,PA-0089
1568,user55,19-23-33-65,3.499,-0.673,PA-0089
1569,user55,19-23-34-17,3.499,-0.673,PA-0089
1570,user55,19-23-34-68,3.499,-0.673,PA-0089
1571,user55,19-23-35-19,3.499,-0.673,PA-0089
1572,user55,19-23-35-70,3.499,-0.673,PA-0089
1573,user55,19-23-36-22,3.499,-0.673,PA-0089
1574,user55,19-23-36-72,3.499,-0.673,PA-0089
1575,user55,19-23-37-24,3.499,-0.673,PA-0089
1576,user55,19-23-37-75,3.499,-0.673,PA-0089
1577,user55,19-23-38-27,3.499,-0.673,PA-0089
1578,user55,19-23-38-78,3.499,-0.673,PA-0089
1579,user55,19-23-39-29,3.499,-0.673,PA-0089
1580,user55,19-23-39-80,3.499,-0.673,PA-0089
1581,user55,19-23-40-32,3.499,-0.673,PA-0089
1582,user55,19-23-40-82,3.499,-0.673,PA-0089
1583,user55,19-23-41-34,3.499,-0.673,PA-0089
1584,user55,19-23-41-85,3.499,-0.673,PA-0089
1585,user55,19-23-42-37,3.499,-0.673,PA-0089
1586,user55,19-23-42-87,3.499,-0.673,PA-0089
1587,user55,19-23-43-38,3.499,-0.673,PA-0089
1588,user55,19-23-43-88,3.499,-0.673,PA-0089
1589,user55,19-23-44-40,3.499,-0.673,PA-0089
1590,user55,19-23-44-92,3.499,-0.673,PA-0089
1591,user55,19-23-45-43,3.499,-0.673,PA-0089
1592,user55,19-23-45-95,3.499,-0.673,PA-0089
1593,user55,19-23-46-45,3.499,-0.673,PA-0089
1594,user55,19-23-46-97,3.499,-0.673,PA-0089
1595,user55,19-23-47-47,3.499,-0.673,PA-0089
1596,user55,19-23-47-98,3.499,-0.673,PA-0089
1597,user55,19-23-48-49,3.499,-0.673,PA-0089
1598,user55,19-23-49-00,3.499,-0.673,PA-0089
1599,user55,19-23-49-52,3.499,-0.673,PA-0089
1600,user55,19-23-50-02,3.499,-0.673,PA-0089
1601,user55,19-23-50-54,3.499,-0.673,PA-0089
1602,user55,19-23-51-05,3.499,-0.673,PA-0089
1603,user55,19-23-51-57,3.499,-0.673,PA-0089
1604,user55,19-23-52-07,3.499,-0.673,PA-0089
1605,user55,19-23-52-58,3.499,-0.673,PA-0089
1606,user55,19-23-53-08,3.499,-0.673,PA-0089
1607,user55,19-23-53-60,3.499,-0.673,PA-0089
1608,user55,19-23-54-11,3.499,-0.673,PA-0089
1609,user55,19-23-54-62,3.499,-0.673,PA-0089
1610,user55,19-23-55-12,3.499,-0.673,PA-0089
1611,user55,19-23-55-63,3.499,-0.673,PA-0089
1612,user55,19-23-56-13,3.499,-0.673,PA-0089
1613,user55,19-23-56-65,3.499,-0.673,PA-0089
1614,user55,19-23-57-15,3.499,-0.673,PA-0089
1615,user55,19-23-57-65,3.499,-0.673,PA-0089
1616,user55,19-23-58-17,3.499,-0.673,PA-0089
1617,user55,19-23-58-68,3.499,-0.673,PA-0089
1618,user55,19-23-59-19,3.499,-0.673,PA-0089
1619,user55,19-23-59-70,3.499,-0.673,PA-0089
1620,user55,19-24-00-20,3.499,-0.673,PA-0089
1621,user55,19-24-00-71,3.499,-0.673,PA-0089
1622,user55,19-24-01-22,3.499,-0.673,PA-0089
1623,user55,19-24-01-72,3.499,-0.673,PA-0089
1624,user55,19-24-02-23,3.499,-0.673,PA-0089
1625,user55,19-24-02-73,3.499,-0.673,PA-0089
1626,user55,19-24-03-23,3.499,-0.673,PA-0089
1627,user55,19-24-03-75,3.499,-0.673,PA-0089
1628,user55,19-24-04-27,3.499,-0.673,PA-0089
1629,user55,19-24-04-78,3.499,-0.673,PA-0089
1630,user55,19-24-05-29,3.499,-0.673,PA-0089
1631,user55,19-24-05-80,3.499,-0.673,PA-0089
1632,user55,19-24-06-30,3.499,-0.673,PA-0089
1633,user55,19-24-06-82,3.499,-0.673,PA-0089
1634,user55,19-24-07-33,3.499,-0.673,PA-0089
1635,user55,19-24-07-85,3.499,-0.673,PA-0089
1636,user55,19-24-08-37,3.499,-0.673,PA-0089
1637,user55,19-24-08-88,3.499,-0.673,PA-0089
1638,user55,19-24-09-40,3.499,-0.673,PA-0089
1639,user55,19-24-09-92,3.499,-0.673,PA-0089
1640,user55,19-24-10-42,3.499,-0.673,PA-0089

